id,user_id,sport,skill_level,created_at
f64efe06-b2fd-4221-baaa-a2497642976c,5aaa3387-bd71-4bb5-b9f8-09d86dcc3756,badminton,intermediate,2025-09-07T14:41:36.376Z
e148cb66-59d7-4eee-aac8-b305326d9cb0,08aa1e35-e29e-40f1-a043-0eeda8af9fda,tennis,advanced,2025-09-07T14:41:36.376Z
ffd989bd-9b7e-452e-bc6d-c10a9ca941d4,7940816b-7713-4a29-829e-f175fd50bd24,squash,intermediate,2025-09-07T14:41:36.377Z
9bc9e3ce-989a-47da-8175-6365b2fc731f,7940816b-7713-4a29-829e-f175fd50bd24,badminton,advanced,2025-09-07T14:41:36.377Z
9e9c5424-620d-4405-a80a-b3d561a2a057,7940816b-7713-4a29-829e-f175fd50bd24,basketball,expert,2025-09-07T14:41:36.377Z
49e3cdc8-03c6-4dd6-9873-8ec90fd17abd,cc56c46f-aa1a-4367-bce4-6344f707fbee,squash,expert,2025-09-07T14:41:36.377Z
cd3f3623-ccfd-4180-a087-5578e76d42f6,4b0e3ee7-a4cb-4e3d-94d0-e2398e6a9f17,pickleball,expert,2025-09-07T14:41:36.377Z
519e979c-35d4-4af2-9bcc-3c29c5880a9f,4b0e3ee7-a4cb-4e3d-94d0-e2398e6a9f17,basketball,beginner,2025-09-07T14:41:36.377Z
c097391f-0c3f-47f7-8c0b-1db970d2b0fe,4b0e3ee7-a4cb-4e3d-94d0-e2398e6a9f17,racquetball,beginner,2025-09-07T14:41:36.377Z
2b13b8ae-da40-49cd-8788-5f8f9bdd1142,a79b0089-0d20-49e6-9fa7-4f80249ee85c,tennis,intermediate,2025-09-07T14:41:36.377Z
14fd97ea-0f05-4480-9fd1-1b42b8d8b251,0f0845fc-46e3-489d-a0bd-d776d6de46f5,basketball,beginner,2025-09-07T14:41:36.377Z
69580528-5699-4c38-8f69-2e35bc761fb3,0f0845fc-46e3-489d-a0bd-d776d6de46f5,squash,intermediate,2025-09-07T14:41:36.377Z
f22d0795-d508-48d7-aa72-96e1f0034f1a,0f0845fc-46e3-489d-a0bd-d776d6de46f5,badminton,expert,2025-09-07T14:41:36.377Z
e3e3b795-5ce6-4c9a-919e-9ea8076b5c18,92196be7-ed68-48b0-ae8e-0af7d9a49b2f,basketball,expert,2025-09-07T14:41:36.377Z
ae206031-664d-426e-bda0-5b10b49d046e,92196be7-ed68-48b0-ae8e-0af7d9a49b2f,pickleball,beginner,2025-09-07T14:41:36.377Z
f2ce353f-52a7-469d-a563-7a4de8e36946,92196be7-ed68-48b0-ae8e-0af7d9a49b2f,racquetball,advanced,2025-09-07T14:41:36.377Z
f4ab0f9e-7550-4aab-b149-e973cb796c6a,e322b87f-d248-4b93-ae59-67369983974d,tennis,expert,2025-09-07T14:41:36.377Z
5e90eb97-132e-4dc6-a742-e3ccfbd18a08,e322b87f-d248-4b93-ae59-67369983974d,pickleball,beginner,2025-09-07T14:41:36.377Z
fef8ebda-8d81-4486-b822-8389486e609b,d873faa5-f38d-450d-b976-3bbfdaff85f6,racquetball,expert,2025-09-07T14:41:36.378Z
31214077-3fb5-499d-b2e5-7bb3ce0bb685,d873faa5-f38d-450d-b976-3bbfdaff85f6,badminton,advanced,2025-09-07T14:41:36.378Z
ac351ff0-b174-4f0d-98af-2bd6283ced27,d873faa5-f38d-450d-b976-3bbfdaff85f6,pickleball,advanced,2025-09-07T14:41:36.378Z
a7c3a120-9ea2-40cb-a382-3d181df9a001,a174d5eb-b46c-42ef-92f3-caf05a535fec,tennis,expert,2025-09-07T14:41:36.378Z
848b9dba-f1ce-44d1-b360-b6bbed814ec9,528a0621-f720-4439-8c9a-b252362a4981,badminton,advanced,2025-09-07T14:41:36.378Z
242a7e8b-f1ab-44fa-8438-1622b1d1cc57,49f08e87-997e-4f6b-b2a2-ebaa96c48835,tennis,beginner,2025-09-07T14:41:36.378Z
6d6fff57-93ef-4f16-ba14-c754e26057c5,49f08e87-997e-4f6b-b2a2-ebaa96c48835,pickleball,intermediate,2025-09-07T14:41:36.378Z
ef8d710c-e641-4498-b089-2f3a7f22af6a,1cbca0a2-bb1e-4471-9177-df18b014f325,badminton,advanced,2025-09-07T14:41:36.378Z
708f8d9f-0ce4-42a2-9b09-d4fbe25c46ee,0538cac8-e1a0-40ca-9c13-95f84748e8b4,pickleball,beginner,2025-09-07T14:41:36.378Z
2954c645-141c-48b4-81b1-24f08d9255e5,0538cac8-e1a0-40ca-9c13-95f84748e8b4,squash,intermediate,2025-09-07T14:41:36.378Z
98202af8-8aa8-4c51-b556-95c8e24ce956,de410eb1-e817-4355-aac7-e135d568f43d,badminton,expert,2025-09-07T14:41:36.378Z
6a8831ab-4c05-4ca1-9f52-1fbd096d0ce7,de410eb1-e817-4355-aac7-e135d568f43d,basketball,expert,2025-09-07T14:41:36.378Z
6e9ae216-7d56-4e59-8469-b622e7827389,de410eb1-e817-4355-aac7-e135d568f43d,squash,advanced,2025-09-07T14:41:36.378Z
4fd40e01-3494-487a-b263-5196f5e6ae24,94decb5a-070c-403f-a5ff-bc0997786eaf,tennis,advanced,2025-09-07T14:41:36.378Z
eaccff3b-393c-48ee-8558-d1559f7e3037,94decb5a-070c-403f-a5ff-bc0997786eaf,pickleball,beginner,2025-09-07T14:41:36.378Z
24bd13dd-22f5-4863-b469-d191eeb01c8d,94decb5a-070c-403f-a5ff-bc0997786eaf,basketball,advanced,2025-09-07T14:41:36.378Z
4b0a9a1a-8e9c-4e27-b025-33000cb19479,02230c57-e028-453c-b47b-97cdb80e3720,racquetball,expert,2025-09-07T14:41:36.378Z
243a4976-b6e0-4083-a004-0b49d2bfd316,02230c57-e028-453c-b47b-97cdb80e3720,squash,advanced,2025-09-07T14:41:36.378Z
aa4faa4f-9925-4706-bc43-83c0126ae40b,4fbb6fac-ed32-462f-be35-28a288246003,squash,beginner,2025-09-07T14:41:36.378Z
9af88214-d988-4a1c-9eb5-f6ed1e7cb214,4fbb6fac-ed32-462f-be35-28a288246003,pickleball,intermediate,2025-09-07T14:41:36.378Z
b6ed9e1b-d489-4c72-8f50-4b079d4111dd,4fbb6fac-ed32-462f-be35-28a288246003,badminton,advanced,2025-09-07T14:41:36.378Z
b19cf37b-7a00-46f9-9acc-76fde2248acc,f986b8ac-4298-46f4-9bed-6bf798f61301,racquetball,intermediate,2025-09-07T14:41:36.378Z
022de433-da89-4891-ac13-ba1f606fe6bd,f986b8ac-4298-46f4-9bed-6bf798f61301,tennis,intermediate,2025-09-07T14:41:36.378Z
4b7edf32-4766-4d8f-b954-aeb2a6ffb854,03f9406f-92e1-40b7-be6c-a1dc51d2528b,tennis,beginner,2025-09-07T14:41:36.379Z
9b264377-184c-44d5-ac2b-afe7b53459a3,30ef6a05-eb6e-4421-a328-37598122ef8a,racquetball,expert,2025-09-07T14:41:36.379Z
94b484d3-4325-4275-a0d8-56e4bdffe88b,30ef6a05-eb6e-4421-a328-37598122ef8a,squash,expert,2025-09-07T14:41:36.379Z
de428b53-e784-4605-aeea-dea7a7f723d6,b727c1ac-db54-47cb-83fa-345a915ca406,pickleball,intermediate,2025-09-07T14:41:36.379Z
73075c85-1c4c-40ff-abdd-25a49a27dd86,b727c1ac-db54-47cb-83fa-345a915ca406,tennis,expert,2025-09-07T14:41:36.379Z
f034e768-1cf8-4a92-92d8-b48e10517093,a2ab80b7-147b-4e7a-a457-568082496a68,badminton,advanced,2025-09-07T14:41:36.379Z
9970829f-17dc-41d1-bee4-6ba3904a4e79,74c9bd9d-1d2b-4aaf-a6f4-82ff2a03d80d,pickleball,expert,2025-09-07T14:41:36.379Z
49af9c7f-9e25-41cd-b3f5-f93b4366ec2b,74c9bd9d-1d2b-4aaf-a6f4-82ff2a03d80d,basketball,intermediate,2025-09-07T14:41:36.379Z
0ed9fcee-fe1c-48e7-994d-7fe24c1e31f3,74c9bd9d-1d2b-4aaf-a6f4-82ff2a03d80d,badminton,intermediate,2025-09-07T14:41:36.379Z
c2509b4c-ce59-4202-be4e-ed81adaf8c2c,5ff2dd20-45a7-48fc-8c8f-7afd5e512998,racquetball,beginner,2025-09-07T14:41:36.379Z
0e5d7840-d2e4-4ed6-8205-383fa9335362,aea1cadb-cea5-42de-b505-bf2ccdab9b95,badminton,beginner,2025-09-07T14:41:36.379Z
32b1d642-698e-4409-ade6-00920261d73a,aea1cadb-cea5-42de-b505-bf2ccdab9b95,racquetball,expert,2025-09-07T14:41:36.379Z
b2c2d9f0-caf8-4760-b24e-d38ab57fc88a,aea1cadb-cea5-42de-b505-bf2ccdab9b95,tennis,advanced,2025-09-07T14:41:36.379Z
ee33c792-3477-439e-9128-57c3a4b6c456,8db54a3c-81ed-4d63-849b-f6fde268209f,basketball,intermediate,2025-09-07T14:41:36.379Z
aa78abf5-5aee-485c-9169-91a0a3aed352,766e18b5-6f5d-436c-9847-436df7f0e416,basketball,intermediate,2025-09-07T14:41:36.379Z
c3a3e992-4529-46d7-9ea4-6f731ecf2542,766e18b5-6f5d-436c-9847-436df7f0e416,tennis,beginner,2025-09-07T14:41:36.379Z
10b4f265-9a1d-4c69-8370-d37471a65c8e,85c9ace2-d36c-4163-94e1-7a44991b0ad1,tennis,beginner,2025-09-07T14:41:36.379Z
f9e89f20-e812-4c8d-9b82-a1c4dba044ed,d71e0c36-b485-4f45-9031-4cb3301356c0,tennis,expert,2025-09-07T14:41:36.379Z
a6223c2f-85fb-4164-8ad0-dc17b6a96115,d71e0c36-b485-4f45-9031-4cb3301356c0,badminton,advanced,2025-09-07T14:41:36.379Z
7aba125f-2901-4c3c-9ef9-daf8767ad0ed,9e945419-5cba-4e8f-8afa-c4b2495bef7f,pickleball,expert,2025-09-07T14:41:36.379Z
ef23fd32-26a4-49bb-be87-0de3e9980560,9e945419-5cba-4e8f-8afa-c4b2495bef7f,basketball,advanced,2025-09-07T14:41:36.379Z
e2289c93-bcc2-4061-b075-ff4829a283ae,9e945419-5cba-4e8f-8afa-c4b2495bef7f,racquetball,intermediate,2025-09-07T14:41:36.379Z
f25d8dbc-8d84-46c6-853e-9db7fcb8a109,b82aa9be-a814-46e7-9420-f57bf42b2052,tennis,expert,2025-09-07T14:41:36.379Z
0ca5632c-5305-454e-ab9a-55bdf2945d28,b82aa9be-a814-46e7-9420-f57bf42b2052,squash,beginner,2025-09-07T14:41:36.379Z
f369441d-cb2b-4867-b732-d935ad1d2181,b82aa9be-a814-46e7-9420-f57bf42b2052,racquetball,intermediate,2025-09-07T14:41:36.379Z
f9bdd391-c685-4a2f-9276-f8be57810c6a,a6c73256-8e16-4dcf-bcef-b2a747ef39ab,racquetball,intermediate,2025-09-07T14:41:36.379Z
32be23aa-7d47-4d44-8233-3a51a65a95d3,a6c73256-8e16-4dcf-bcef-b2a747ef39ab,pickleball,advanced,2025-09-07T14:41:36.379Z
3544c2a5-a9c0-41c1-8e1b-8077ed6977dd,6071b3ea-0e8d-479f-87ed-77a1fb115646,racquetball,beginner,2025-09-07T14:41:36.379Z
2bdcf3a1-b3c4-400b-9a9a-60b51b1fe630,6071b3ea-0e8d-479f-87ed-77a1fb115646,basketball,beginner,2025-09-07T14:41:36.379Z
2f3bd60d-fcfb-45cd-9390-9c10d17c1aaa,7ae4ad45-c73f-42c6-97f8-a375e05e3cc8,badminton,advanced,2025-09-07T14:41:36.379Z
037c2084-2515-4c6d-ac8c-e91cc7606cc6,7ae4ad45-c73f-42c6-97f8-a375e05e3cc8,pickleball,beginner,2025-09-07T14:41:36.379Z
b0f564b3-a927-4fa1-a881-f19bcc6adc4f,7ae4ad45-c73f-42c6-97f8-a375e05e3cc8,racquetball,expert,2025-09-07T14:41:36.379Z
f7b2c471-73e6-4f29-86c4-43e2a25148fa,00384442-3560-4756-bf54-7a2b8c46836f,tennis,advanced,2025-09-07T14:41:36.380Z
9fce630d-b138-4f22-a06a-83b17d680772,00384442-3560-4756-bf54-7a2b8c46836f,basketball,expert,2025-09-07T14:41:36.380Z
2ae143a3-aa29-4a64-8134-47551e30b040,00384442-3560-4756-bf54-7a2b8c46836f,pickleball,advanced,2025-09-07T14:41:36.380Z
d738534f-3368-46c4-9dc5-fa2dc10efa5c,2f7fe584-c1af-4218-a0b0-fdc4322cf888,squash,intermediate,2025-09-07T14:41:36.380Z
21e15b1e-7dd7-4070-aad6-f9a92fce211f,2f7fe584-c1af-4218-a0b0-fdc4322cf888,pickleball,intermediate,2025-09-07T14:41:36.380Z
6b8fd3be-a6d5-4904-990a-e5b9f950880f,2f7fe584-c1af-4218-a0b0-fdc4322cf888,badminton,intermediate,2025-09-07T14:41:36.380Z
26c5b24a-20af-44d8-a6de-45aaa5b59a5a,8a428c24-d62f-40fa-92dc-cd21c135bbdb,squash,advanced,2025-09-07T14:41:36.380Z
42961acf-c62a-4968-b54f-c91258e0cc63,c288b216-175d-458c-bb07-89a0db0edae4,basketball,beginner,2025-09-07T14:41:36.380Z
6885430a-046c-461a-9adc-d6e9924e2e6f,c288b216-175d-458c-bb07-89a0db0edae4,racquetball,intermediate,2025-09-07T14:41:36.380Z
35993806-6397-4a37-8028-5139605fb4cc,f941ff7e-168c-47d0-9484-42aa1b7dae7a,basketball,intermediate,2025-09-07T14:41:36.380Z
0974f63d-5c0e-4007-8921-bc9a844032d2,f941ff7e-168c-47d0-9484-42aa1b7dae7a,pickleball,intermediate,2025-09-07T14:41:36.380Z
31809d0a-c559-4b7e-a6e6-8f545fb5490f,9f2791bd-3386-4efe-b24f-2973ca1d246b,tennis,expert,2025-09-07T14:41:36.380Z
10e0526a-07bc-422c-b0ed-c7a1841fb834,9f2791bd-3386-4efe-b24f-2973ca1d246b,badminton,expert,2025-09-07T14:41:36.380Z
5b55020b-c648-4053-aabe-44884680cf76,d93a60b3-0195-4a9b-be82-ef847d0e8e21,pickleball,beginner,2025-09-07T14:41:36.380Z
4a3416cf-707e-49ee-86c6-1dd68c715ac4,d93a60b3-0195-4a9b-be82-ef847d0e8e21,tennis,advanced,2025-09-07T14:41:36.380Z
240d0da4-1e7a-4a03-bae5-aac6b2dcaf6b,d93a60b3-0195-4a9b-be82-ef847d0e8e21,basketball,advanced,2025-09-07T14:41:36.380Z
4a24048e-f49c-44cb-b8ae-ffdaaf3d5f56,cdf462db-69b8-4585-99b3-e67862d2ceab,badminton,intermediate,2025-09-07T14:41:36.380Z
cd66c128-e08e-439f-9281-2c8bb9e0d0e4,cdf462db-69b8-4585-99b3-e67862d2ceab,basketball,expert,2025-09-07T14:41:36.380Z
3aa96bab-9206-4b57-8af5-28c86a00c98f,169771dd-7317-4f34-9120-42b7dbd9f1a5,racquetball,beginner,2025-09-07T14:41:36.380Z
d9d8e2c4-ffba-4083-a666-de7a2c234192,169771dd-7317-4f34-9120-42b7dbd9f1a5,pickleball,beginner,2025-09-07T14:41:36.380Z
8d30f193-c989-4e19-8d1b-c1149fc39427,e8f4574d-b373-4878-8333-cac82e79116e,racquetball,beginner,2025-09-07T14:41:36.380Z
9d5e5024-6374-41c2-8398-02eedf9933ad,e8f4574d-b373-4878-8333-cac82e79116e,basketball,beginner,2025-09-07T14:41:36.380Z
01f7fac1-5c21-4356-b8dc-b26a4a8f84ef,89afac17-4bf8-4f95-86e6-1a978682fd31,pickleball,intermediate,2025-09-07T14:41:36.380Z
f4a6bc8d-ebaf-426f-bc88-c3dd8226cfea,0403d350-f692-417b-9889-ce94335d27db,pickleball,intermediate,2025-09-07T14:41:36.380Z
9e774295-5f68-42d1-b341-53ea6bd1d235,0403d350-f692-417b-9889-ce94335d27db,squash,advanced,2025-09-07T14:41:36.380Z
b719fe74-4fb0-4af8-82fb-9e9ac83ff888,73774116-59db-40ca-b1ea-23761ded08fe,squash,beginner,2025-09-07T14:41:36.380Z
769e26f8-8f30-4d6c-b94e-69637fa857d4,3e5fa028-4765-4728-9cb9-2eb83e0f2543,tennis,intermediate,2025-09-07T14:41:36.380Z
ee78f889-86e9-455b-ab84-6b65fcbda9b3,3e5fa028-4765-4728-9cb9-2eb83e0f2543,pickleball,expert,2025-09-07T14:41:36.380Z
0aa1207f-097d-46d3-a51a-a7ec5491d0a7,c063ac4a-8c24-4b19-b28d-9e8ddd592601,badminton,intermediate,2025-09-07T14:41:36.381Z
ad669c9e-9e4f-4b09-937d-f9355a8a7a82,c063ac4a-8c24-4b19-b28d-9e8ddd592601,basketball,advanced,2025-09-07T14:41:36.381Z
f3f71fa9-c2b1-4e18-b29c-1d72830814fd,c063ac4a-8c24-4b19-b28d-9e8ddd592601,racquetball,intermediate,2025-09-07T14:41:36.381Z
cd88c369-3781-4783-85b0-76c7cd81fd46,0195e3fd-42d7-4c2f-9515-f115d6b529df,basketball,advanced,2025-09-07T14:41:36.381Z
0c2746b3-3605-44a0-831e-cbe9b177363b,3d39a2d7-a901-4a8f-a6fb-a093e13a3981,tennis,intermediate,2025-09-07T14:41:36.381Z
68399e0d-b981-4e39-9f55-a7226e5bb45c,3d39a2d7-a901-4a8f-a6fb-a093e13a3981,pickleball,intermediate,2025-09-07T14:41:36.381Z
cfb85bbe-e3fb-4f4c-a391-c369a39c4415,3d39a2d7-a901-4a8f-a6fb-a093e13a3981,racquetball,intermediate,2025-09-07T14:41:36.381Z
0d2b3b1b-7700-4bd5-93a6-7ede964961f3,eac32570-bafb-41bf-95e8-2125618895a8,racquetball,beginner,2025-09-07T14:41:36.381Z
5706d196-554c-4b91-adab-acb65cc6c50d,eac32570-bafb-41bf-95e8-2125618895a8,squash,beginner,2025-09-07T14:41:36.381Z
9ad46aa6-478c-4661-9e37-f2ef69342bf1,eac32570-bafb-41bf-95e8-2125618895a8,badminton,expert,2025-09-07T14:41:36.381Z
7b11a2bd-f924-42e0-aeea-b888fc9c698a,4d04eb22-4989-41a4-a70b-54a500f00e60,tennis,intermediate,2025-09-07T14:41:36.381Z
7d395082-8981-470f-8d3e-094ba0f6af8a,1a7ebcc2-ea55-4025-8e0f-e3f696c8daf2,badminton,intermediate,2025-09-07T14:41:36.381Z
f6c36c5c-4df2-4444-b616-413b05a09ed9,69019494-6f05-40f4-be89-1a9420856d25,racquetball,advanced,2025-09-07T14:41:36.381Z
2f4ecd60-c10b-4efb-a1e1-5d8045d91679,401685ba-f560-4d0b-bb7e-aace3458f2c6,tennis,beginner,2025-09-07T14:41:36.381Z
1fd5a0de-33d0-450f-9bd5-c9ce94378ff8,4ebdbff2-efd5-4490-be64-52a325aa2e16,racquetball,intermediate,2025-09-07T14:41:36.381Z
c96e2bf4-9fa0-45f1-bdf1-1e80d432e47a,4ebdbff2-efd5-4490-be64-52a325aa2e16,squash,advanced,2025-09-07T14:41:36.381Z
3fab433b-a05e-4c29-bcff-5dd281ab7891,4ebdbff2-efd5-4490-be64-52a325aa2e16,badminton,intermediate,2025-09-07T14:41:36.381Z
591f4a76-4da5-478f-988e-ef15d86c1b93,e821f8b5-ea75-41c1-bc23-33da6263b7c2,racquetball,beginner,2025-09-07T14:41:36.381Z
385bea1a-0232-47c6-aa86-325d74f230d3,e821f8b5-ea75-41c1-bc23-33da6263b7c2,tennis,intermediate,2025-09-07T14:41:36.381Z
3c775bc0-a309-4915-bd00-3b74104d597f,bedc81b7-dfa1-4f27-9d98-1d35fc2de1dc,tennis,beginner,2025-09-07T14:41:36.381Z
6b18edb9-f0cf-41a0-93fd-636172cdb911,b4b4ff42-ef00-413d-be38-1805f3cd7f9b,pickleball,expert,2025-09-07T14:41:36.381Z
5eaeafcf-1eeb-4c66-9a18-a8efbdafb458,b4b4ff42-ef00-413d-be38-1805f3cd7f9b,squash,beginner,2025-09-07T14:41:36.381Z
eedad5ce-95c8-4c93-bd68-cfbecbed0778,02ccbe3b-7178-4fb4-8fc0-4683e28663d7,pickleball,intermediate,2025-09-07T14:41:36.381Z
c8945923-2d79-4ac0-a0b1-1e591dfb4f38,d790781e-0bd4-4cec-8eec-34b5a2388adf,tennis,beginner,2025-09-07T14:41:36.381Z
a50d885b-846b-469c-b363-20db168b432b,d790781e-0bd4-4cec-8eec-34b5a2388adf,badminton,advanced,2025-09-07T14:41:36.381Z
c292eda4-e352-446b-bfc5-a35afad1b3a0,a133ca9f-4180-444d-9bd7-87ad7448254f,pickleball,advanced,2025-09-07T14:41:36.381Z
0317022a-eb13-4cce-b1fc-663d3817fde1,bc19ddaa-ce27-44e0-8c3d-ae07d9ddc78f,basketball,expert,2025-09-07T14:41:36.381Z
bccb1bef-617d-41d1-b73a-2d150b7db3aa,bc19ddaa-ce27-44e0-8c3d-ae07d9ddc78f,squash,intermediate,2025-09-07T14:41:36.381Z
03e50586-971d-4e23-b677-989b51a76b30,afdc58a8-5631-4583-815c-300ab47e5897,squash,intermediate,2025-09-07T14:41:36.382Z
19741406-be52-48d4-9c3e-d09bc6993ec2,34dfa7a1-6aa2-4f99-8e78-ebb451106849,squash,beginner,2025-09-07T14:41:36.382Z
3c0459a4-8714-4371-8972-de4e60d992d3,34dfa7a1-6aa2-4f99-8e78-ebb451106849,badminton,expert,2025-09-07T14:41:36.382Z
badb8ff8-1972-4631-9923-aa3d56c4b03d,2d802ffe-71ba-481a-87f8-23b1f0fb20e6,tennis,intermediate,2025-09-07T14:41:36.382Z
4e606d7a-ac79-4d03-be4b-88b687fa7ccc,2d802ffe-71ba-481a-87f8-23b1f0fb20e6,pickleball,advanced,2025-09-07T14:41:36.382Z
64cc2595-69e4-4e4e-8f1d-3c9b7d926c41,d48ba5d6-ac34-4958-9ae4-bc37b28d4def,tennis,advanced,2025-09-07T14:41:36.382Z
d449c165-309f-4aea-9297-a8317a6a0001,d48ba5d6-ac34-4958-9ae4-bc37b28d4def,basketball,beginner,2025-09-07T14:41:36.382Z
86c5701d-d260-4a68-95fa-4d4e47d07fa2,d48ba5d6-ac34-4958-9ae4-bc37b28d4def,racquetball,intermediate,2025-09-07T14:41:36.382Z
d1ec19ef-3ce3-4167-8125-a86e70d63d13,036811c8-cef9-4939-9904-cacb12fbe0f7,badminton,beginner,2025-09-07T14:41:36.382Z
4bb4b021-9103-49c2-87af-892d252b82ca,036811c8-cef9-4939-9904-cacb12fbe0f7,squash,beginner,2025-09-07T14:41:36.382Z
38b74234-e7be-481d-946c-c51b04cf4d33,036811c8-cef9-4939-9904-cacb12fbe0f7,basketball,intermediate,2025-09-07T14:41:36.382Z
f31300db-7396-4a3e-95b4-aee2b38142d5,3058c191-416b-4aa4-99b6-0d4734ffa189,badminton,expert,2025-09-07T14:41:36.382Z
2b37bb1c-1a71-4bad-8047-20ead48054b0,3058c191-416b-4aa4-99b6-0d4734ffa189,basketball,advanced,2025-09-07T14:41:36.382Z
fb444791-bfe1-4490-86e0-3a0d43067335,53cc6ab5-a913-47ba-930f-fa6c600e41f9,tennis,beginner,2025-09-07T14:41:36.382Z
ce09c041-40f6-4b95-95d1-4987be201d53,53cc6ab5-a913-47ba-930f-fa6c600e41f9,pickleball,expert,2025-09-07T14:41:36.382Z
1ab9c248-d1a6-405f-b304-b9c1db86497b,53cc6ab5-a913-47ba-930f-fa6c600e41f9,basketball,advanced,2025-09-07T14:41:36.382Z
010a5448-ef83-4786-9b3a-5ca3f1a5a187,c814a39d-7520-47a4-aba8-9db4846d97be,racquetball,intermediate,2025-09-07T14:41:36.382Z
3ebfce54-d987-4d2b-ba9e-ef6bac24edee,c814a39d-7520-47a4-aba8-9db4846d97be,squash,beginner,2025-09-07T14:41:36.382Z
82b6defa-06bc-442f-ba6a-76ce92ef5975,f08edf69-a33b-43c3-bb46-975c1256d4c4,tennis,expert,2025-09-07T14:41:36.382Z
88311617-7187-420c-8624-0621471ea4e3,f08edf69-a33b-43c3-bb46-975c1256d4c4,pickleball,intermediate,2025-09-07T14:41:36.382Z
7fd8967c-1df1-4015-92f2-c5890070eaf9,083a5466-d762-4ca5-a985-08a94dc8e74e,basketball,beginner,2025-09-07T14:41:36.383Z
e12a3856-23b9-44b0-8ba4-9902be228ce2,083a5466-d762-4ca5-a985-08a94dc8e74e,squash,intermediate,2025-09-07T14:41:36.383Z
cf0a9efd-fc69-44dd-b740-68e8d4155e92,083a5466-d762-4ca5-a985-08a94dc8e74e,racquetball,expert,2025-09-07T14:41:36.383Z
68300a6f-be68-4c93-a3c9-112bad46b7eb,9be962d1-d925-4f45-a461-45c06ca9d0c6,basketball,intermediate,2025-09-07T14:41:36.383Z
a1c4b00c-f8ff-4faa-a944-72e785d3a89e,fe22a77c-aa2b-4da4-8ac8-a510f63e344b,tennis,expert,2025-09-07T14:41:36.383Z
514ef16c-3411-46c9-a9f7-3501a0f18031,87d2bed6-a6a2-49a6-b138-94ae952c522e,racquetball,intermediate,2025-09-07T14:41:36.383Z
bc86f1c8-9afd-4029-bca4-16dafbc33b1c,32686c6c-0c61-4358-a54a-7b313e5b2553,badminton,expert,2025-09-07T14:41:36.383Z
0cf8cbaf-2cc1-4606-b67c-140168f7ae4a,da15ed6d-de8d-4cde-9f87-41b05f610dca,tennis,advanced,2025-09-07T14:41:36.383Z
1aff70f4-8de3-4754-9f87-b76239727fa5,d5b6e10e-3684-4338-8b58-e2930c70b8e9,tennis,intermediate,2025-09-07T14:41:36.384Z
79347f4f-8f02-48bb-940d-b06c72f57d0e,5b4c4c52-819c-461a-8a64-d36282e98b68,pickleball,beginner,2025-09-07T14:41:36.384Z
fb9ffe96-9bc3-4919-82df-c812de4cd2c8,0dd416eb-1d06-44b7-a947-b8be5a541340,racquetball,intermediate,2025-09-07T14:41:36.384Z
053065d4-fdef-425a-986a-b404abf3efab,0dd416eb-1d06-44b7-a947-b8be5a541340,squash,advanced,2025-09-07T14:41:36.384Z
3285a87e-d353-4d0d-8e7f-eae197156a50,0dd416eb-1d06-44b7-a947-b8be5a541340,basketball,expert,2025-09-07T14:41:36.384Z
675af391-31d4-41b2-a4b1-7fd4904e5901,20755036-98ac-4973-9087-027e91662b2b,pickleball,expert,2025-09-07T14:41:36.384Z
51aed8ad-b4ee-4aab-9311-ad275b657c4a,20755036-98ac-4973-9087-027e91662b2b,tennis,expert,2025-09-07T14:41:36.384Z
428993c2-29cd-47ae-8c82-61cf787bc338,20755036-98ac-4973-9087-027e91662b2b,squash,expert,2025-09-07T14:41:36.384Z
b01ea1ed-159a-4e33-9425-d73557138332,b9fec924-b4b3-4c64-bdd8-70a14b18fade,badminton,intermediate,2025-09-07T14:41:36.384Z
7739af7b-8779-481d-98b8-426d6f4f253c,22ffd6ae-043a-4b1a-a12e-ce017d44f348,racquetball,beginner,2025-09-07T14:41:36.384Z
adb107c0-8c44-490d-b546-19f26449fcb8,22ffd6ae-043a-4b1a-a12e-ce017d44f348,tennis,intermediate,2025-09-07T14:41:36.384Z
bf77347b-366d-4fa8-a702-c4a84859f988,22ffd6ae-043a-4b1a-a12e-ce017d44f348,basketball,beginner,2025-09-07T14:41:36.384Z
240409c4-b062-4ebd-8be5-b058f7cdcc1e,6447f971-f3e6-40db-a35f-324774d2a2e3,basketball,advanced,2025-09-07T14:41:36.384Z
2a3509ba-1024-4a0c-860e-b9b9bfaf9060,6447f971-f3e6-40db-a35f-324774d2a2e3,badminton,advanced,2025-09-07T14:41:36.384Z
0f228fdf-50ec-4b92-b5a1-23a18e7f3312,043d148b-bad1-4bb5-8beb-756188a33bc7,racquetball,beginner,2025-09-07T14:41:36.384Z
83f281e8-6e02-44cd-b47f-35f6307bb3fd,043d148b-bad1-4bb5-8beb-756188a33bc7,squash,advanced,2025-09-07T14:41:36.384Z
a6dd5cae-b23a-4e89-9719-c055b440375b,043d148b-bad1-4bb5-8beb-756188a33bc7,badminton,intermediate,2025-09-07T14:41:36.384Z
4bad836d-ae39-44be-a24b-dc0536a2e8b6,d518b70d-c6fc-43b5-b5c4-badc51543134,tennis,expert,2025-09-07T14:41:36.384Z
afc5d54b-86c0-4f7e-8088-d3cd0cb8aa28,d518b70d-c6fc-43b5-b5c4-badc51543134,squash,beginner,2025-09-07T14:41:36.384Z
b21b8aa9-3346-43b2-ad1f-748f51681805,90a43391-9a5d-463e-8791-b4f7597fc7f9,racquetball,beginner,2025-09-07T14:41:36.384Z
1ae5e482-a767-41aa-934c-46ee0da809d8,90a43391-9a5d-463e-8791-b4f7597fc7f9,tennis,beginner,2025-09-07T14:41:36.384Z
f98dc457-b7f5-4b7a-9d8d-108b565a8cd4,90a43391-9a5d-463e-8791-b4f7597fc7f9,squash,advanced,2025-09-07T14:41:36.384Z
57018bd5-5bc9-4abf-b74a-fe924f2016a9,ff5de945-137c-41e4-a49c-287fad6ace0e,badminton,intermediate,2025-09-07T14:41:36.384Z
4f83bb92-7e95-49cd-88e8-7e2f4c327be5,ff5de945-137c-41e4-a49c-287fad6ace0e,racquetball,expert,2025-09-07T14:41:36.384Z
7b6e2d73-b9d2-48f3-a2b7-0a5dc997acc5,fa095bfe-792a-489c-851e-54f917a3f3cc,squash,intermediate,2025-09-07T14:41:36.384Z
19016506-ce82-4569-95fd-f3c12c1494f9,1befe92e-7a98-484e-be60-40c4cd02e6ca,racquetball,expert,2025-09-07T14:41:36.384Z
cc98477c-36d1-477d-ab04-339ea1748d04,1befe92e-7a98-484e-be60-40c4cd02e6ca,basketball,intermediate,2025-09-07T14:41:36.384Z
d67b566f-529a-4295-a23a-b5605783bd69,51085d76-e5ea-4b82-b3fa-4e3afb0df2b6,tennis,intermediate,2025-09-07T14:41:36.384Z
0f567fbf-4bfe-47ce-b5e4-2e253fb5286e,51085d76-e5ea-4b82-b3fa-4e3afb0df2b6,badminton,advanced,2025-09-07T14:41:36.384Z
80b0781e-f99d-404e-8606-b230dbb74fa5,1258b5a7-8b59-4f0c-ba6a-e00cc210aa80,squash,intermediate,2025-09-07T14:41:36.384Z
f181391b-add7-477c-bf8f-d10f3c483157,1258b5a7-8b59-4f0c-ba6a-e00cc210aa80,basketball,beginner,2025-09-07T14:41:36.384Z
505521b0-b1b1-46a8-81f6-1e8897b331eb,1258b5a7-8b59-4f0c-ba6a-e00cc210aa80,pickleball,intermediate,2025-09-07T14:41:36.384Z
c83a36cd-7d90-44ab-8d92-24a1fb4ae848,68bb394d-d097-4465-9b83-6c746326021c,tennis,intermediate,2025-09-07T14:41:36.384Z
725e928e-fc08-4fd8-979a-c3d6ee0ed202,68bb394d-d097-4465-9b83-6c746326021c,pickleball,advanced,2025-09-07T14:41:36.384Z
5556c138-d1a7-47a9-babe-e41f565aaa41,68bb394d-d097-4465-9b83-6c746326021c,basketball,beginner,2025-09-07T14:41:36.384Z
2a79c536-b1a6-43df-9189-e1a55d48af57,a971b672-e1db-4f21-90ab-ff013db167fc,tennis,expert,2025-09-07T14:41:36.384Z
ae7b307c-b834-417a-b7df-19f012825dc1,a971b672-e1db-4f21-90ab-ff013db167fc,racquetball,expert,2025-09-07T14:41:36.384Z
6b96322a-2daa-4c26-a8de-0f4bc550d477,a971b672-e1db-4f21-90ab-ff013db167fc,pickleball,expert,2025-09-07T14:41:36.384Z
45416e6b-2161-4cbb-b409-1fda4bfcef7e,846bd455-9937-40b2-9710-0d43501a98d6,pickleball,advanced,2025-09-07T14:41:36.384Z
2e0e92c5-730d-4186-9dd3-b2b2a76acd52,846bd455-9937-40b2-9710-0d43501a98d6,tennis,intermediate,2025-09-07T14:41:36.384Z
6b2ba250-bc2c-4690-a4eb-981049159ae5,846bd455-9937-40b2-9710-0d43501a98d6,racquetball,advanced,2025-09-07T14:41:36.384Z
4660506e-519c-4a9b-8e77-9d585c4f5bd2,737cc986-a358-41df-8a11-90bcfa114cb7,badminton,beginner,2025-09-07T14:41:36.385Z
f712e9e5-203f-4bb1-8511-893a24b3184d,ddfa2694-ad4c-43a5-b655-2dc81ff22dc8,tennis,advanced,2025-09-07T14:41:36.385Z
ebb5080c-d316-4cdc-bf8d-5c7e8c77a155,edfac060-40ef-45d1-8bb3-b081dabfa9e6,squash,intermediate,2025-09-07T14:41:36.385Z
71b61baa-319f-47af-bf39-24075ddba9eb,edfac060-40ef-45d1-8bb3-b081dabfa9e6,basketball,advanced,2025-09-07T14:41:36.385Z
1f5898d3-b6e3-4f8e-b9c0-472e37681903,b9c82251-d44b-436d-9835-9124747d29be,pickleball,expert,2025-09-07T14:41:36.385Z
4d657df0-6911-4987-be48-1eef7bb0921e,a86a7baf-0897-4b09-84ea-c764bc44e4b6,tennis,advanced,2025-09-07T14:41:36.385Z
f85933a5-5445-4b45-ba67-c07066aceac1,260c837c-0374-4e16-baa9-584609d67dbd,tennis,intermediate,2025-09-07T14:41:36.385Z
10edb3b4-b007-40a2-beea-f1ddfb17ece9,82c5952a-4459-41c2-913d-8c0158ec7dd4,badminton,beginner,2025-09-07T14:41:36.385Z
0c350020-4f0a-4ff3-b57a-a4095fd31226,82c5952a-4459-41c2-913d-8c0158ec7dd4,pickleball,advanced,2025-09-07T14:41:36.385Z
620dc6b9-a0f9-45e0-b729-497899365057,82c5952a-4459-41c2-913d-8c0158ec7dd4,tennis,advanced,2025-09-07T14:41:36.385Z
3367be73-9cf5-46cf-84ff-6513649dae83,c1961c46-f825-4a53-b60a-a01affa6c195,basketball,advanced,2025-09-07T14:41:36.385Z
18352eaa-4170-48a1-a8f0-ebab57d90208,c1961c46-f825-4a53-b60a-a01affa6c195,racquetball,expert,2025-09-07T14:41:36.385Z
bc859f8a-2e10-4a3a-b25f-beed83ae8d70,e97bd95b-5dc8-4f57-bd0d-c3ddedb2ff30,squash,intermediate,2025-09-07T14:41:36.385Z
f13f5c3c-8eb1-4ea2-81fe-6aed8ac49a99,613f504d-0476-42f6-a4f9-ac3d5be8f5fb,badminton,advanced,2025-09-07T14:41:36.385Z
133814e8-6391-4dd8-bf51-c15f607ff442,613f504d-0476-42f6-a4f9-ac3d5be8f5fb,basketball,expert,2025-09-07T14:41:36.385Z
5363ba40-9fbd-405b-8ba7-9f85fbd748c6,613f504d-0476-42f6-a4f9-ac3d5be8f5fb,squash,advanced,2025-09-07T14:41:36.385Z
41d58fbe-7859-49d4-adc4-e1da5823d1fd,721c6f41-e7a4-4d67-b177-8eeff31e42e2,badminton,intermediate,2025-09-07T14:41:36.385Z
8d509cfd-0d4f-427b-934e-cbb943b098d3,721c6f41-e7a4-4d67-b177-8eeff31e42e2,racquetball,advanced,2025-09-07T14:41:36.385Z
929669bf-7f63-42f4-8d95-8e586ae37d5d,721c6f41-e7a4-4d67-b177-8eeff31e42e2,basketball,advanced,2025-09-07T14:41:36.385Z
88ec2dda-8177-44bf-80ec-7e726079aad4,88f99361-2e92-4d09-8d63-73ad48757e57,badminton,expert,2025-09-07T14:41:36.385Z
7b9b6623-c20d-401f-9886-145690ab041b,88f99361-2e92-4d09-8d63-73ad48757e57,racquetball,intermediate,2025-09-07T14:41:36.385Z
6e5f7cc1-d7ab-4c3f-a81c-a153921669b7,88f99361-2e92-4d09-8d63-73ad48757e57,pickleball,expert,2025-09-07T14:41:36.385Z
eabd71f8-a721-41b6-b738-f73579ab0349,7d2a4ae2-839b-4b24-b4ae-2226e88a0232,badminton,intermediate,2025-09-07T14:41:36.385Z
ef3dda20-4684-4981-88c8-6898106b4cd1,7d2a4ae2-839b-4b24-b4ae-2226e88a0232,tennis,beginner,2025-09-07T14:41:36.385Z
327e0054-b11a-4e41-b98d-338a319d7032,7d2a4ae2-839b-4b24-b4ae-2226e88a0232,squash,expert,2025-09-07T14:41:36.385Z
c1adbf4f-9d95-4059-bb04-de089592c482,58e2e39c-0f1b-462f-a083-b391d2b55dbc,pickleball,expert,2025-09-07T14:41:36.385Z
748f906d-a381-465b-9ce7-bb19d2c7d152,58e2e39c-0f1b-462f-a083-b391d2b55dbc,squash,intermediate,2025-09-07T14:41:36.385Z
71c65043-7e2d-4837-962e-8adc15499496,0fdf4f0f-a7e1-4e47-93fd-2b96cc02886c,tennis,advanced,2025-09-07T14:41:36.385Z
9f8db2d8-9862-40a4-8527-d9a2cdb1833d,0fdf4f0f-a7e1-4e47-93fd-2b96cc02886c,squash,advanced,2025-09-07T14:41:36.385Z
dcc31228-1f4c-46ce-bcde-1bc3c86a4ce6,2dbfeaff-7508-4ffa-9c1d-c8d4551d0d52,tennis,advanced,2025-09-07T14:41:36.386Z
93709e44-f5f2-47b6-b12c-a8042b8a18af,c27ecae1-c7bf-4f21-80cd-afd484b8fe0d,tennis,advanced,2025-09-07T14:41:36.386Z
530efb33-ce13-49ea-8d61-cbaef6f884f4,c27ecae1-c7bf-4f21-80cd-afd484b8fe0d,pickleball,advanced,2025-09-07T14:41:36.386Z
ce855103-8dba-4e9e-b29c-3d510fc8517d,059dbb35-233a-47fa-bca2-ecb6edf266cd,racquetball,expert,2025-09-07T14:41:36.386Z
9b5809af-953f-4ce3-be7a-83f945d0dc41,059dbb35-233a-47fa-bca2-ecb6edf266cd,badminton,expert,2025-09-07T14:41:36.386Z
4a7a8610-761b-4cb3-84fb-5a1a137d857a,059dbb35-233a-47fa-bca2-ecb6edf266cd,tennis,intermediate,2025-09-07T14:41:36.386Z
9588062b-46ad-4d66-8988-16d28fbfcdfc,beb3b2ed-e8bc-4cbe-be20-78eec9f50d90,basketball,expert,2025-09-07T14:41:36.386Z
c325ce96-a182-4a54-b494-594cf15273fd,ac0d9ed0-510f-4647-bd15-144bdac93522,tennis,intermediate,2025-09-07T14:41:36.386Z
5fc1170c-83a1-4e2a-89d3-a0153aa51106,4a1d1a13-e096-43a6-ab04-d131ed1f12e0,squash,expert,2025-09-07T14:41:36.386Z
3900fdeb-948e-429b-aa16-7949222547da,4a1d1a13-e096-43a6-ab04-d131ed1f12e0,basketball,intermediate,2025-09-07T14:41:36.386Z
8786de37-fb7c-4dcb-aa90-dfed67329219,6e4c5278-8ae6-4100-8119-d9a26e005b63,pickleball,advanced,2025-09-07T14:41:36.386Z
a581555d-1255-444a-8919-bcfc689d2146,6e4c5278-8ae6-4100-8119-d9a26e005b63,badminton,beginner,2025-09-07T14:41:36.386Z
2e0fe217-23f6-424a-a4a4-28097cc976d2,0e0a2dba-cb0d-40e2-bab5-cbf60f0a71e2,badminton,expert,2025-09-07T14:41:36.386Z
52af2c99-70ab-4c1b-9337-555284745806,0e0a2dba-cb0d-40e2-bab5-cbf60f0a71e2,pickleball,intermediate,2025-09-07T14:41:36.386Z
e505fd26-f3af-470c-ab9a-a008216c4a1f,b804f73a-ad46-46c8-aaa2-50ab3ef914de,badminton,expert,2025-09-07T14:41:36.386Z
8b4434d5-9a78-401e-9ba2-89ee1c4af77f,b804f73a-ad46-46c8-aaa2-50ab3ef914de,basketball,expert,2025-09-07T14:41:36.386Z
3f91f31d-1285-45d1-ab66-f50c6d0677a5,1c74632f-8e76-4f65-b36c-f0cc1e79ac9b,badminton,advanced,2025-09-07T14:41:36.386Z
73351ccb-52d3-4804-ad25-88a60231843b,1c74632f-8e76-4f65-b36c-f0cc1e79ac9b,squash,beginner,2025-09-07T14:41:36.386Z
7002b11e-b1c7-4799-beb7-45d2ee549ae8,1c74632f-8e76-4f65-b36c-f0cc1e79ac9b,racquetball,beginner,2025-09-07T14:41:36.386Z
7b3cc0dd-fcb6-421a-a8eb-3316d4fa2fa7,ebf948a1-b622-4916-8281-b579220bf2f0,tennis,expert,2025-09-07T14:41:36.386Z
b4d088a8-9494-46b7-8a21-30d4d257f390,ebf948a1-b622-4916-8281-b579220bf2f0,pickleball,intermediate,2025-09-07T14:41:36.386Z
ea407963-1b2d-4ba8-bd9f-f450975fc100,ebf948a1-b622-4916-8281-b579220bf2f0,basketball,expert,2025-09-07T14:41:36.386Z
be7260cc-f8d0-4724-b174-742e010b356d,9bfa9a6e-94d7-4a0b-84c6-b843302e10d6,badminton,intermediate,2025-09-07T14:41:36.386Z
dbe7fcfa-2d41-4420-a273-aa896f6475b2,9bfa9a6e-94d7-4a0b-84c6-b843302e10d6,tennis,advanced,2025-09-07T14:41:36.386Z
09b867e9-bbdb-492c-8576-d569b3abf8ef,4153ee97-c542-49eb-b560-8bd1d1c13953,badminton,expert,2025-09-07T14:41:36.386Z
aa967b15-1939-47df-ade1-cfb89c2fe747,cc7a7a22-38f6-474d-9755-3d4c0302464f,tennis,advanced,2025-09-07T14:41:36.386Z
4bf35a2d-2bca-499f-9323-b3c75efe0338,cc7a7a22-38f6-474d-9755-3d4c0302464f,pickleball,advanced,2025-09-07T14:41:36.386Z
e66c4fee-a3a6-4471-99f9-254fc7ddb69e,82213de4-a2b9-46ac-8892-a10af60c3c4f,squash,intermediate,2025-09-07T14:41:36.387Z
c4cda97d-a81a-47c0-b780-087ae9cc7f07,82213de4-a2b9-46ac-8892-a10af60c3c4f,badminton,intermediate,2025-09-07T14:41:36.387Z
8708919e-15a4-4140-918a-11346eb2a4cc,82213de4-a2b9-46ac-8892-a10af60c3c4f,basketball,expert,2025-09-07T14:41:36.387Z
208fb635-8dd7-4a8b-aaad-f9e391631f0e,9fb39053-daec-420a-a2bd-3301f372823d,tennis,beginner,2025-09-07T14:41:36.387Z
bf8a1464-8209-4108-83a8-ce44c3c2aaa9,90b1ae45-3995-4fb9-8144-e3761f3ec065,badminton,advanced,2025-09-07T14:41:36.387Z
8fedf5d3-ee86-4f4c-a0de-6f546f69f492,0c751ee8-32c0-4d72-9caf-d4667c39a1ed,badminton,intermediate,2025-09-07T14:41:36.387Z
fa1179b6-d070-4b27-96fc-b8eb9005a392,0dd741f3-5984-4391-a2f0-0af287e98eaf,badminton,advanced,2025-09-07T14:41:36.387Z
c0ffb836-774a-4e8b-8d81-9a8d88678eda,0dd741f3-5984-4391-a2f0-0af287e98eaf,racquetball,advanced,2025-09-07T14:41:36.387Z
4c37746b-8c98-4da7-8408-04d704f5eba6,2d07e612-1c10-422c-8086-0c86837ac960,basketball,expert,2025-09-07T14:41:36.387Z
d0d2c60e-99b7-403e-93d5-f2d88d3be553,2d07e612-1c10-422c-8086-0c86837ac960,badminton,beginner,2025-09-07T14:41:36.387Z
6893e136-0482-4757-99f2-335fe90a6921,2d07e612-1c10-422c-8086-0c86837ac960,racquetball,expert,2025-09-07T14:41:36.387Z
32845cbb-eba4-4c47-b10f-7092c3109514,ffef1640-a6e9-4ac3-8668-df0b1fdf90f3,tennis,expert,2025-09-07T14:41:36.387Z
f1519f06-ba51-460d-bca9-c36790dc0f06,ffef1640-a6e9-4ac3-8668-df0b1fdf90f3,badminton,advanced,2025-09-07T14:41:36.387Z
1ea0c6b3-c6fe-4115-a499-338d73448547,31d1abd3-70f0-42a9-94a5-de30b88d9479,tennis,beginner,2025-09-07T14:41:36.387Z
38075c04-a9b1-4012-b5ae-f291460c87f0,31d1abd3-70f0-42a9-94a5-de30b88d9479,pickleball,advanced,2025-09-07T14:41:36.387Z
975be60d-9f1c-4d55-9cf9-ea7c91e3a5a0,96a628f3-7e19-4dd1-8b3e-7b340fba923f,tennis,advanced,2025-09-07T14:41:36.387Z
f064718c-0741-4731-921e-b9b756b1200e,96a628f3-7e19-4dd1-8b3e-7b340fba923f,pickleball,intermediate,2025-09-07T14:41:36.387Z
6f118bd2-e9e6-420a-9cbb-a224c7c96ab2,96a628f3-7e19-4dd1-8b3e-7b340fba923f,badminton,advanced,2025-09-07T14:41:36.387Z
165adf3f-f857-4bee-9362-a13a9f1354a3,5af22a39-05f5-452d-b78e-46d254b90445,tennis,beginner,2025-09-07T14:41:36.387Z
68298838-deaa-48b9-89e2-442a5aa54f25,5af22a39-05f5-452d-b78e-46d254b90445,pickleball,beginner,2025-09-07T14:41:36.387Z
819228e1-4843-4f39-8daa-7c217351a9b7,2f76c662-97a2-4763-bcad-9da6e975241d,tennis,beginner,2025-09-07T14:41:36.387Z
3afc57ae-c9de-4319-9124-ddf74e3e49e2,2f76c662-97a2-4763-bcad-9da6e975241d,basketball,expert,2025-09-07T14:41:36.387Z
865faf91-e8ec-4adb-844c-118050c344e4,2f76c662-97a2-4763-bcad-9da6e975241d,squash,intermediate,2025-09-07T14:41:36.387Z
97a071b9-d441-4cb3-b06d-869bf1e8bbe4,f320ee43-05c1-43c2-8ecd-8a4fcad63f8a,tennis,advanced,2025-09-07T14:41:36.387Z
716e9537-c8ea-4769-8cba-99e38d1f4f11,f320ee43-05c1-43c2-8ecd-8a4fcad63f8a,badminton,expert,2025-09-07T14:41:36.387Z
5d329eaf-034f-47e9-b44c-25c183c2d259,f320ee43-05c1-43c2-8ecd-8a4fcad63f8a,racquetball,expert,2025-09-07T14:41:36.387Z
94b7d783-95a3-4d22-a6b4-324dce167924,19f70f65-0fba-4867-8b51-5bb52dbc0e7f,racquetball,expert,2025-09-07T14:41:36.387Z
f490b85e-52d1-422f-b2ac-77c002c945ee,19f70f65-0fba-4867-8b51-5bb52dbc0e7f,basketball,beginner,2025-09-07T14:41:36.387Z
cdac1203-9813-4ae9-bfca-52a18d1466d4,19f70f65-0fba-4867-8b51-5bb52dbc0e7f,pickleball,advanced,2025-09-07T14:41:36.387Z
30efe90b-bb0a-4cbc-b3a0-7134650498f7,6780cddb-e8bb-4ed0-a969-f8504a3f2e67,racquetball,beginner,2025-09-07T14:41:36.387Z
069e51ce-0c68-49c2-90a8-c1216d8f7b5e,6780cddb-e8bb-4ed0-a969-f8504a3f2e67,badminton,beginner,2025-09-07T14:41:36.387Z
d71c7494-8dc6-4c62-898b-380f62b9bf87,6780cddb-e8bb-4ed0-a969-f8504a3f2e67,tennis,beginner,2025-09-07T14:41:36.387Z
6963d771-ac4b-4144-9e68-2cb7fd344597,befdef11-619a-45a9-9949-a5792d5b8784,pickleball,expert,2025-09-07T14:41:36.387Z
a02aca0c-3b9f-4c19-b2f5-11a8e2865932,9f4cf3dd-4367-4ea1-a8dd-b1034362f43f,basketball,expert,2025-09-07T14:41:36.387Z
c81eb97f-6144-47a5-8efe-10de6e92b747,9f4cf3dd-4367-4ea1-a8dd-b1034362f43f,racquetball,advanced,2025-09-07T14:41:36.387Z
d549d533-abeb-4e75-b198-f9a04eba7eca,9f4cf3dd-4367-4ea1-a8dd-b1034362f43f,pickleball,expert,2025-09-07T14:41:36.388Z
9cd6dba8-a2ee-4bf5-abc6-febebb7956a8,2b6e2fc4-20a3-4353-b510-02f3153b9205,tennis,intermediate,2025-09-07T14:41:36.388Z
afab3baf-cc81-46ab-aff4-b83ca10a85dd,2b6e2fc4-20a3-4353-b510-02f3153b9205,pickleball,intermediate,2025-09-07T14:41:36.388Z
de0a5f90-0e73-4b92-a54d-7fafce11d9e5,2b6e2fc4-20a3-4353-b510-02f3153b9205,racquetball,expert,2025-09-07T14:41:36.388Z
c5d20741-c887-4a52-9411-bc8ec5e61939,b4896221-5151-4b95-88fc-c58e9f096310,racquetball,beginner,2025-09-07T14:41:36.388Z
78c67b73-0d9e-4f32-bcbe-63a346a58c02,b4896221-5151-4b95-88fc-c58e9f096310,badminton,beginner,2025-09-07T14:41:36.388Z
6af90179-c5e5-40e4-a050-d4971eea0fc1,b3fdf449-fe72-433a-9c68-7d47d395b816,tennis,expert,2025-09-07T14:41:36.388Z
ec785f80-d06b-45cf-9396-bcf0ac75a9b9,b3fdf449-fe72-433a-9c68-7d47d395b816,pickleball,intermediate,2025-09-07T14:41:36.388Z
44cbc5b1-01bd-4de8-a1f9-5dc5e0bdf218,3dead3d3-628a-4af3-bde7-05451273eff9,badminton,intermediate,2025-09-07T14:41:36.388Z
40f4ea14-42b8-4c0a-9087-7b0c705d6471,3dead3d3-628a-4af3-bde7-05451273eff9,squash,beginner,2025-09-07T14:41:36.388Z
c4ed5c63-5d27-44ba-991d-b05cc792f7e0,ec834d8c-0df7-4666-8267-6b5d10f40fcb,squash,advanced,2025-09-07T14:41:36.388Z
8b26b396-2d14-40fb-ba26-c5f34252dd10,e6e92001-3cc7-41db-8f6a-6a452a7acdf4,badminton,beginner,2025-09-07T14:41:36.388Z
01b27e32-10fa-42a6-b5c4-931ec5e79cff,e6e92001-3cc7-41db-8f6a-6a452a7acdf4,racquetball,advanced,2025-09-07T14:41:36.388Z
c080d328-ff93-4261-a6a2-e476fc37b355,e6e92001-3cc7-41db-8f6a-6a452a7acdf4,basketball,intermediate,2025-09-07T14:41:36.388Z
bb0efe39-3058-45db-86cb-b747d9a26763,1240038d-3762-4d6e-9089-24c98c4a16de,badminton,beginner,2025-09-07T14:41:36.388Z
b160ffa7-8f33-4fdf-8afe-083d519d35a5,1240038d-3762-4d6e-9089-24c98c4a16de,tennis,beginner,2025-09-07T14:41:36.388Z
d77dc54f-46e6-465e-9ede-f817437fbafd,1240038d-3762-4d6e-9089-24c98c4a16de,racquetball,beginner,2025-09-07T14:41:36.388Z
bb8cef2a-2195-49d7-8ecf-da4c1038dd77,c6135c38-7109-47c4-bcab-688d806bafe2,tennis,advanced,2025-09-07T14:41:36.388Z
6bd6da3a-f50f-4fe7-92c8-ea4ce6770379,c6135c38-7109-47c4-bcab-688d806bafe2,badminton,intermediate,2025-09-07T14:41:36.388Z
e2335eff-8aaf-41c6-b858-058d88b2cd11,c6135c38-7109-47c4-bcab-688d806bafe2,racquetball,advanced,2025-09-07T14:41:36.388Z
1be46a1f-b99a-4608-84f3-2bb7c4e66ba3,78a17d3b-a944-4543-93a1-113492a69547,badminton,advanced,2025-09-07T14:41:36.388Z
499fad1c-4ccd-4688-8b76-ad56a6d26399,3758397c-e133-40ad-a089-9f93ffcaa5ba,basketball,advanced,2025-09-07T14:41:36.388Z
b8b5e41f-5ae2-4aa1-b88b-2ccad35c8c68,3758397c-e133-40ad-a089-9f93ffcaa5ba,squash,expert,2025-09-07T14:41:36.388Z
c8e072de-c1be-40bc-9a0f-2b578d8dafd2,3758397c-e133-40ad-a089-9f93ffcaa5ba,pickleball,advanced,2025-09-07T14:41:36.388Z
befc1b29-fb42-4f8d-b93d-13f6dbfcc834,334fdb83-68d6-4d31-8859-880453b221c3,badminton,intermediate,2025-09-07T14:41:36.388Z
acdd5cce-ea98-4af7-9bed-50c7a9db16fc,280fde9c-db13-4cff-8e84-a6ccd0e80ad1,racquetball,advanced,2025-09-07T14:41:36.388Z
e3d2b5c6-fc81-4c42-ae6d-7548921cc578,280fde9c-db13-4cff-8e84-a6ccd0e80ad1,badminton,advanced,2025-09-07T14:41:36.388Z
72cdaa48-0c22-4389-8907-da95c7e9748b,00999ef7-e74b-4a47-b7a6-40bf10d4da39,basketball,expert,2025-09-07T14:41:36.388Z
fe2ba8f0-c350-4afb-9837-f9bb8f74fbab,00999ef7-e74b-4a47-b7a6-40bf10d4da39,tennis,intermediate,2025-09-07T14:41:36.388Z
1c720177-2256-42aa-892f-383a2929db45,2a08f534-5afd-4899-a538-783d187cac56,tennis,advanced,2025-09-07T14:41:36.389Z
5eeec772-6816-425c-9b89-b722f7eaba35,2a08f534-5afd-4899-a538-783d187cac56,squash,intermediate,2025-09-07T14:41:36.389Z
38d33317-cc0a-4bf5-80f0-c5a9539a624b,5c60a023-859c-4ca9-a895-56898ff1abe1,basketball,expert,2025-09-07T14:41:36.389Z
00d946df-67f4-471f-9e79-ec5b448d96af,5c60a023-859c-4ca9-a895-56898ff1abe1,pickleball,intermediate,2025-09-07T14:41:36.389Z
deb1d4d7-eb4f-4df5-818f-ae2529b3f07e,cd59f29d-5c79-4dea-86e6-70dc8ba1852b,badminton,beginner,2025-09-07T14:41:36.389Z
420cc697-4f2d-4023-8ca1-154a2c2f30bd,cd59f29d-5c79-4dea-86e6-70dc8ba1852b,pickleball,advanced,2025-09-07T14:41:36.389Z
4e20f31e-a3e7-4ae1-8868-1dec6f4ac4a9,fe89991b-de81-4241-9a30-e5b460475c50,badminton,beginner,2025-09-07T14:41:36.389Z
c3bd1014-c109-4126-837c-ddebd2214d5c,199de175-5a52-4a3d-a4cb-12db4d8f1baa,basketball,advanced,2025-09-07T14:41:36.389Z
85cf502f-3c83-4cae-878d-a520ce807250,e9b05707-2f35-433a-9913-a781dc028d19,tennis,beginner,2025-09-07T14:41:36.389Z
d9d4298e-6a72-4005-881f-3a99872df843,e9b05707-2f35-433a-9913-a781dc028d19,badminton,beginner,2025-09-07T14:41:36.389Z
cc4feca2-c4fc-426a-ae90-66aae110eb04,a61cab8b-fb3e-4113-bf22-d16fee1515dc,basketball,expert,2025-09-07T14:41:36.389Z
3534a2da-0d41-4ea9-83e1-59fd086eab93,a61cab8b-fb3e-4113-bf22-d16fee1515dc,racquetball,beginner,2025-09-07T14:41:36.389Z
b33f70d3-ae96-4c83-a2c4-e1f585706f47,a61cab8b-fb3e-4113-bf22-d16fee1515dc,squash,beginner,2025-09-07T14:41:36.389Z
fce2dd51-6535-4855-b088-d027fa7453b9,37536aae-11f8-43d0-8e3f-75583016ac02,pickleball,beginner,2025-09-07T14:41:36.389Z
ec011bb7-c24a-41b3-a7e0-dbc30a02dddf,08c51864-6fc9-42c4-a396-3912bd388e53,tennis,beginner,2025-09-07T14:41:36.389Z
28b1221d-d5d5-4ba0-90e6-86af3296b7dd,08c51864-6fc9-42c4-a396-3912bd388e53,pickleball,intermediate,2025-09-07T14:41:36.389Z
1aafdf6a-45af-4e1a-abeb-078f0891e55f,08c51864-6fc9-42c4-a396-3912bd388e53,racquetball,intermediate,2025-09-07T14:41:36.389Z
a03ef358-c97c-4bbe-883b-84e33f76a2e2,0b939c4f-6856-4228-a631-7debf07c9a3e,basketball,intermediate,2025-09-07T14:41:36.389Z
b2f7d477-9853-4202-bb89-35ee706a939e,0b939c4f-6856-4228-a631-7debf07c9a3e,tennis,intermediate,2025-09-07T14:41:36.389Z
eca13cc6-67e2-46da-8341-d75b2846361e,0b939c4f-6856-4228-a631-7debf07c9a3e,pickleball,intermediate,2025-09-07T14:41:36.389Z
6995a7b8-6d86-47e6-9744-34cbb4967b07,f0ad1c75-a9f4-4c92-b4e7-2cb570ef615f,tennis,advanced,2025-09-07T14:41:36.389Z
d3b22e01-dc7a-4fd5-ad5c-f15745a743a2,f0ad1c75-a9f4-4c92-b4e7-2cb570ef615f,pickleball,intermediate,2025-09-07T14:41:36.389Z
32a4a1c9-647a-46bc-8808-d63675070c7a,b2258ab4-25a6-4119-b899-4825aa0f3b31,racquetball,advanced,2025-09-07T14:41:36.389Z
d835446e-b46a-4499-a8bb-909bab760b51,871c746a-3e2b-42d2-935a-9a3ba4241ea4,badminton,advanced,2025-09-07T14:41:36.389Z
d9c1ae94-fa2f-48af-92d0-2bb3f2b64e69,478cbe5c-aabe-48bc-90f1-28acdf9a0bcf,basketball,intermediate,2025-09-07T14:41:36.390Z
174dd91c-67a9-49e0-a820-491240ed00f6,478cbe5c-aabe-48bc-90f1-28acdf9a0bcf,badminton,advanced,2025-09-07T14:41:36.390Z
da7ff085-4a30-49e0-bb78-01ff5f775356,1ba9ca75-f1ff-4de0-a6d4-7407e4df0d7e,badminton,expert,2025-09-07T14:41:36.390Z
7332cc69-9b82-4e30-97b1-ee7a6c6b84d8,1ba9ca75-f1ff-4de0-a6d4-7407e4df0d7e,tennis,intermediate,2025-09-07T14:41:36.390Z
20a1c3d9-b285-4a3f-9523-00333e07410d,1ba9ca75-f1ff-4de0-a6d4-7407e4df0d7e,racquetball,beginner,2025-09-07T14:41:36.390Z
155ce742-c2cb-4ec6-b078-80da6d262e35,26a56542-19dc-48ad-acfe-6089cd371ac9,squash,intermediate,2025-09-07T14:41:36.390Z
15f3c460-6993-466f-8c23-ce459513c9a5,92f540b3-1057-4305-9662-f6eb05157e81,badminton,beginner,2025-09-07T14:41:36.390Z
0c6335f0-5daf-46a0-ad2e-dfad557cc3a3,92f540b3-1057-4305-9662-f6eb05157e81,racquetball,beginner,2025-09-07T14:41:36.390Z
3ab1f48f-9920-43a1-beff-df357340b2f1,92f540b3-1057-4305-9662-f6eb05157e81,tennis,expert,2025-09-07T14:41:36.390Z
b8b1d5d4-b5d5-40d7-90ce-2d3087ed6b80,3618cd64-7f3f-4700-9078-81f3c6e8af37,badminton,expert,2025-09-07T14:41:36.390Z
0245d929-ffc7-4a45-8bd9-a1d9e5415a5f,cbec2baf-69d9-4276-82c4-6d1f2980a56e,basketball,expert,2025-09-07T14:41:36.390Z
30c66c20-d13a-4f29-85bb-88fddcb4eadf,cbec2baf-69d9-4276-82c4-6d1f2980a56e,pickleball,beginner,2025-09-07T14:41:36.390Z
db88efcb-193c-4851-af9d-4eaa05e4cc00,cbec2baf-69d9-4276-82c4-6d1f2980a56e,tennis,expert,2025-09-07T14:41:36.390Z
4a199a2f-de9f-4137-bdf4-6ed10ba7630a,bdd4374d-6646-4507-887e-ac6d92eb6e37,racquetball,intermediate,2025-09-07T14:41:36.390Z
9b16874f-9bb7-4481-a654-48ce33e218bb,18239ee8-689f-4762-a06c-54644254348d,squash,expert,2025-09-07T14:41:36.390Z
f8c77fcd-39b0-4636-9b04-d8e3ae1fc2e5,18239ee8-689f-4762-a06c-54644254348d,badminton,advanced,2025-09-07T14:41:36.390Z
6b37bfe7-1f2f-48ca-9de2-2d5a136929d1,18239ee8-689f-4762-a06c-54644254348d,basketball,intermediate,2025-09-07T14:41:36.390Z
bf745422-4e15-4c7b-aa5a-4c531f6accf6,6ead1880-8e41-4618-80f0-db7adf46043e,tennis,beginner,2025-09-07T14:41:36.390Z
44a1c2ef-5d9b-4ef1-96b0-8f180db641a9,6ead1880-8e41-4618-80f0-db7adf46043e,pickleball,beginner,2025-09-07T14:41:36.390Z
fb858450-c614-4de8-998b-17fb6e575ac5,e78f8982-f928-4c79-8881-3fb3e94c09eb,basketball,expert,2025-09-07T14:41:36.390Z
63f113c5-f3ef-4ec9-81d3-075ff250e5da,d5f65d87-a686-47a9-9b6c-467a77f4cb13,badminton,intermediate,2025-09-07T14:41:36.390Z
f08e3743-0503-44e6-9a91-7bb9ece65076,d5f65d87-a686-47a9-9b6c-467a77f4cb13,racquetball,beginner,2025-09-07T14:41:36.390Z
498349d6-9a46-4051-a01a-b267b994dfd2,e136ff54-4ed8-4519-ad4b-dffe63af02fc,squash,advanced,2025-09-07T14:41:36.390Z
035e263c-4c1f-4202-ba72-4aff2c9f40e3,8cabe6d0-7c88-42b7-9837-d2c1c755c96e,racquetball,beginner,2025-09-07T14:41:36.390Z
f1e94866-c7ff-4261-a5ff-9a75fc28284f,d8a584d1-c7f5-4c3a-9f48-fdf265f9b6bc,tennis,intermediate,2025-09-07T14:41:36.390Z
63b6f2bb-5e9c-4991-ae77-c7a81322aa6c,d8a584d1-c7f5-4c3a-9f48-fdf265f9b6bc,pickleball,expert,2025-09-07T14:41:36.390Z
63c9622e-ef6e-46ab-a20b-c40fa42a8ffa,a9fcaef8-b5d0-42dd-9999-95156c0e20df,racquetball,expert,2025-09-07T14:41:36.390Z
fff65714-13fc-41c6-b6d2-3ee80084a502,a9fcaef8-b5d0-42dd-9999-95156c0e20df,squash,beginner,2025-09-07T14:41:36.390Z
d2da4bd2-2333-4fff-bc0c-fe2716ace0d9,a9fcaef8-b5d0-42dd-9999-95156c0e20df,badminton,beginner,2025-09-07T14:41:36.390Z
239c93f7-fba8-4401-a87d-49079ada0502,9666c11a-fabe-400a-ba66-f4ea673852ea,pickleball,advanced,2025-09-07T14:41:36.391Z
2df07780-eaed-43ac-8af8-db7dd99672cf,9666c11a-fabe-400a-ba66-f4ea673852ea,tennis,beginner,2025-09-07T14:41:36.391Z
02c2c4d1-1abc-42cc-b515-63003156fa5c,9666c11a-fabe-400a-ba66-f4ea673852ea,racquetball,beginner,2025-09-07T14:41:36.391Z
ec0d7376-2920-4499-b1f4-0cbd7997d908,559580fc-cc3f-41d2-97e5-5de301b86f5c,racquetball,expert,2025-09-07T14:41:36.391Z
82282496-3b9a-4ebc-ae98-c00259e945e7,559580fc-cc3f-41d2-97e5-5de301b86f5c,basketball,intermediate,2025-09-07T14:41:36.391Z
8a038dcf-9baa-48f8-915f-3417407cc18b,e09b7420-4105-444d-9116-c696f41bdb72,pickleball,beginner,2025-09-07T14:41:36.391Z
405b7e81-4ce0-482f-8852-dfcba0641b8b,e09b7420-4105-444d-9116-c696f41bdb72,badminton,beginner,2025-09-07T14:41:36.391Z
a2ec5893-6d54-4ed0-a53b-5feb46b6a544,690aab9a-c952-4001-ab27-5bdab3579d72,squash,advanced,2025-09-07T14:41:36.391Z
310c1013-7417-4a12-87d8-21ba77f0007f,690aab9a-c952-4001-ab27-5bdab3579d72,badminton,expert,2025-09-07T14:41:36.391Z
4997afaf-5a2f-443e-85c1-262f0a3cd988,690aab9a-c952-4001-ab27-5bdab3579d72,basketball,expert,2025-09-07T14:41:36.391Z
d4ed1f6d-ce11-4dc7-b0f0-779498745a78,f2e2cc63-6367-434d-9876-512d6054b811,badminton,advanced,2025-09-07T14:41:36.392Z
dd63a3b2-09ab-401f-ae63-ef9872d2d94f,f2e2cc63-6367-434d-9876-512d6054b811,basketball,expert,2025-09-07T14:41:36.392Z
78990c61-30a2-42fc-9036-7f038b11c3f9,f2e2cc63-6367-434d-9876-512d6054b811,racquetball,beginner,2025-09-07T14:41:36.392Z
e67e1f3d-7636-4e7b-8b47-9e70be8c4efb,0b8d998a-30b6-40a9-8fe4-85c6686d85ca,badminton,beginner,2025-09-07T14:41:36.393Z
f48c12c4-eb0a-4f6c-b5c8-28aa00a85cb1,0b8d998a-30b6-40a9-8fe4-85c6686d85ca,tennis,intermediate,2025-09-07T14:41:36.393Z
c7b45be1-cb8d-4de6-9f8d-b58eb42b9029,d9504519-42aa-4ed4-95fa-4c95c9e41c33,badminton,expert,2025-09-07T14:41:36.393Z
2cb7fc04-c279-4fb0-8730-ba63dff67156,4922e7d9-fcf1-4309-a653-9ddc5a3113eb,basketball,beginner,2025-09-07T14:41:36.393Z
c61b0df9-6233-469c-8137-c1e93431aedb,4922e7d9-fcf1-4309-a653-9ddc5a3113eb,tennis,expert,2025-09-07T14:41:36.393Z
6c4267d4-4f0e-494b-8951-07dda1753a6b,72fe70bf-4b93-4916-aae2-0039fe61039c,tennis,intermediate,2025-09-07T14:41:36.393Z
bc8c58c2-41c5-4ef4-b911-7fb42bf867aa,72fe70bf-4b93-4916-aae2-0039fe61039c,pickleball,expert,2025-09-07T14:41:36.393Z
4513fb7f-0a59-46f4-83ec-a06c83600e96,28d2147c-6ead-494a-a909-5207da9cf4c7,pickleball,intermediate,2025-09-07T14:41:36.393Z
4e805c3c-bfb9-48d1-a5f8-d0336164c216,28d2147c-6ead-494a-a909-5207da9cf4c7,tennis,intermediate,2025-09-07T14:41:36.393Z
844c8041-249b-4568-b404-b57a998c2755,28d2147c-6ead-494a-a909-5207da9cf4c7,badminton,intermediate,2025-09-07T14:41:36.393Z
d63ec66f-c9dc-42a2-97b8-98f1e31cc24b,900dbb72-327a-4b52-ad22-b21dbc6d2ce1,racquetball,expert,2025-09-07T14:41:36.393Z
662582e9-1cef-453d-ab79-b19e41edb031,5b9a4551-8ed0-4681-b7ae-005ce94b7ab9,squash,expert,2025-09-07T14:41:36.393Z
bf4d68ba-b02a-4a2b-959b-0d3940ed0cc9,5b9a4551-8ed0-4681-b7ae-005ce94b7ab9,basketball,beginner,2025-09-07T14:41:36.393Z
a4ee7df1-20b4-41af-8ba7-e2a8f2971365,50db63a4-fe33-4452-842c-a7e887889a9f,racquetball,advanced,2025-09-07T14:41:36.393Z
361d65ec-de64-4b0a-9c25-b8b07b8bf08a,50db63a4-fe33-4452-842c-a7e887889a9f,badminton,beginner,2025-09-07T14:41:36.393Z
58e9ac59-c907-46e1-95ce-60db1584948b,edf1a065-fe4f-41a9-8e8e-2f501750eee3,tennis,advanced,2025-09-07T14:41:36.393Z
a6fbf87b-e8c7-453f-a4d6-122c907627cd,edf1a065-fe4f-41a9-8e8e-2f501750eee3,pickleball,intermediate,2025-09-07T14:41:36.393Z
ee20f7bb-735b-47ed-947c-581dc8e6b500,0fd1bd3e-e697-4edd-be15-da87e2e26e8c,badminton,advanced,2025-09-07T14:41:36.393Z
5a0e1243-5c14-4e64-82c4-415b5f4a22cd,0fd1bd3e-e697-4edd-be15-da87e2e26e8c,basketball,advanced,2025-09-07T14:41:36.393Z
8339e1a0-e3d7-42f6-bfe8-9c5f06e9941e,0fd1bd3e-e697-4edd-be15-da87e2e26e8c,racquetball,advanced,2025-09-07T14:41:36.393Z
10756014-adf5-4058-a979-cf4e88a157e8,b0ff3d2a-29b3-412b-9297-59cc7ee2e74b,badminton,beginner,2025-09-07T14:41:36.394Z
b5b8d1e3-4e49-4268-8740-02110c765390,b0ff3d2a-29b3-412b-9297-59cc7ee2e74b,basketball,beginner,2025-09-07T14:41:36.394Z
3b36b9a3-2b6f-4662-bcd9-3e4db345d290,6cdda104-d5a1-4325-97e6-7c4e5e99e67a,badminton,intermediate,2025-09-07T14:41:36.394Z
0f07edd9-bc86-46cf-bfe3-7f3dffc3079d,87d9959e-fb61-435a-ab55-2ea4b940490f,racquetball,intermediate,2025-09-07T14:41:36.394Z
1875fcad-bfea-4761-b8b2-80d8e08fd55c,87d9959e-fb61-435a-ab55-2ea4b940490f,tennis,advanced,2025-09-07T14:41:36.394Z
4f57e8fe-13fd-4bc4-a5ef-d7bec9794900,87d9959e-fb61-435a-ab55-2ea4b940490f,badminton,beginner,2025-09-07T14:41:36.394Z
e35b933e-fe31-44bc-82cd-b7ba7c3365c8,607f43a8-0362-43ac-b453-542ac50ad7c2,tennis,beginner,2025-09-07T14:41:36.394Z
1e6425ec-0d84-4a58-a0d6-83d844c7f033,607f43a8-0362-43ac-b453-542ac50ad7c2,badminton,advanced,2025-09-07T14:41:36.394Z
c6de217c-44bf-4490-8bc1-1378cb933f36,607f43a8-0362-43ac-b453-542ac50ad7c2,squash,beginner,2025-09-07T14:41:36.394Z
1b3607b2-1a55-4d76-ab87-bab60bc93c1e,9e5c18f4-42de-48dc-9cef-036368c68dd2,tennis,advanced,2025-09-07T14:41:36.394Z
cb47f6b5-1327-4ce6-b8ef-16c7b4b67a5d,9e5c18f4-42de-48dc-9cef-036368c68dd2,squash,advanced,2025-09-07T14:41:36.394Z
a5d85cdb-374c-494a-b637-cd0b3060a80a,9e5c18f4-42de-48dc-9cef-036368c68dd2,basketball,intermediate,2025-09-07T14:41:36.394Z
fa09d39a-a4b9-4006-ab63-49d30c0056f9,634128d9-f97f-42a7-8ac6-e3815868b723,tennis,advanced,2025-09-07T14:41:36.394Z
bf592839-34db-4f9f-bf04-12bad825dd69,634128d9-f97f-42a7-8ac6-e3815868b723,pickleball,advanced,2025-09-07T14:41:36.394Z
7346d068-f07b-41cd-af9e-8be868b3c38c,d63b6961-a0b1-4cf7-b8dc-d2689e496ee3,tennis,advanced,2025-09-07T14:41:36.394Z
372256f8-82ba-4f17-a494-890a289ff3d8,d63b6961-a0b1-4cf7-b8dc-d2689e496ee3,badminton,advanced,2025-09-07T14:41:36.394Z
85cf0308-5760-4778-bd1a-08fc8f0500ec,d63b6961-a0b1-4cf7-b8dc-d2689e496ee3,pickleball,intermediate,2025-09-07T14:41:36.394Z
b89bfa1a-8fcb-4c3e-849b-f7e3a2089ed1,bb440a26-4093-4eb6-8014-765dabb14feb,basketball,expert,2025-09-07T14:41:36.394Z
d9726b73-edbc-448b-9262-f1f0806845b5,7766722e-c2a0-4dbf-aef1-10346858b0d7,badminton,intermediate,2025-09-07T14:41:36.394Z
e7ba0817-ae1e-4175-b8d4-d248742739d1,7766722e-c2a0-4dbf-aef1-10346858b0d7,basketball,beginner,2025-09-07T14:41:36.394Z
4b00260d-9060-4831-af53-1a3a1bc85d02,271cf6df-b945-40e1-baa8-4a8d94e84163,tennis,beginner,2025-09-07T14:41:36.394Z
f8cbbd57-c8db-4311-96ad-a7b17a1fe177,4223f354-b6b8-4ba2-976a-e1da1f970c88,squash,beginner,2025-09-07T14:41:36.394Z
980fac4c-e476-4428-995a-1c68b078f716,b0f7ead1-6ae1-4913-9500-fa07e207ea8a,pickleball,expert,2025-09-07T14:41:36.394Z
a39ad0fc-cbff-477a-afbd-2ffa29526253,b0f7ead1-6ae1-4913-9500-fa07e207ea8a,basketball,expert,2025-09-07T14:41:36.394Z
844d9246-a09a-4df4-b8ba-8ef429470b10,b0f7ead1-6ae1-4913-9500-fa07e207ea8a,badminton,beginner,2025-09-07T14:41:36.394Z
eb531cdc-87f6-42c2-9ae7-15ce6e536af8,5e4e34d7-6ea3-4b57-8555-921a4941b3a0,badminton,beginner,2025-09-07T14:41:36.394Z
f1a18d7f-9633-45f9-8fd0-89f71acf3ca2,5e4e34d7-6ea3-4b57-8555-921a4941b3a0,pickleball,advanced,2025-09-07T14:41:36.394Z
6c60870d-32c2-456f-8bad-68908e51c53a,5e4e34d7-6ea3-4b57-8555-921a4941b3a0,basketball,beginner,2025-09-07T14:41:36.394Z
de4ce2f8-1583-42e4-a9e1-7f866baaa9a5,99228e88-9ab7-45b7-a550-81bb7e91fcb8,basketball,intermediate,2025-09-07T14:41:36.394Z
5403e9e6-04eb-4bf5-a736-9b7f2e765ec1,99228e88-9ab7-45b7-a550-81bb7e91fcb8,pickleball,advanced,2025-09-07T14:41:36.394Z
4ccbf8aa-9a56-48da-aa42-8ef3b1b60ff9,a4ad0a6a-5f48-4cf0-a66d-1206e1e9ee28,tennis,expert,2025-09-07T14:41:36.394Z
b324bb8c-a910-4809-96cb-81e3e43641a4,c360e391-144b-4dcd-a6c0-31a8a2a6d510,tennis,beginner,2025-09-07T14:41:36.394Z
f1a49424-853b-4715-898e-4bfef33da59c,c360e391-144b-4dcd-a6c0-31a8a2a6d510,pickleball,advanced,2025-09-07T14:41:36.394Z
e3e6d48f-e7f5-4b53-a83b-9abd09371b78,c360e391-144b-4dcd-a6c0-31a8a2a6d510,basketball,beginner,2025-09-07T14:41:36.394Z
cda22788-6350-42af-a4e2-494ebe928405,1f92e7b4-621d-431e-8bda-aa53d0f04b41,basketball,advanced,2025-09-07T14:41:36.394Z
446cd04a-8cb4-4edf-81fe-b3b25ace2d27,500b0c06-8505-4574-bc63-20c614a00e41,badminton,intermediate,2025-09-07T14:41:36.394Z
91b0b703-d0eb-4bdd-8e48-1f8cab215faf,ae17364a-cf3c-4533-aeb7-06f67f381fc4,racquetball,expert,2025-09-07T14:41:36.395Z
8fb7955e-c900-485d-a6fa-605891fd1aac,39641e04-5877-4046-b701-2f2da2c50ca2,racquetball,intermediate,2025-09-07T14:41:36.395Z
84e9418f-90ab-46d8-871b-06d77758a2c6,39641e04-5877-4046-b701-2f2da2c50ca2,tennis,expert,2025-09-07T14:41:36.395Z
ca32b886-d1ae-4b7f-81dd-b908e3649a23,39641e04-5877-4046-b701-2f2da2c50ca2,pickleball,advanced,2025-09-07T14:41:36.395Z
d6c5b6b8-4bdc-4372-a8f4-429a2e42809c,032d2e1c-88eb-4982-8225-674fac35d684,tennis,expert,2025-09-07T14:41:36.395Z
8dc26d18-72c6-4718-836e-40f923a6e29f,6f4192c0-478e-4bf8-ae54-128289ac89bf,racquetball,beginner,2025-09-07T14:41:36.395Z
f02e7735-be80-4f0f-9c6d-759596be3c43,6f4192c0-478e-4bf8-ae54-128289ac89bf,squash,beginner,2025-09-07T14:41:36.395Z
78edabb5-d51f-4547-b63c-ef9fcb2c3da8,6f4192c0-478e-4bf8-ae54-128289ac89bf,pickleball,advanced,2025-09-07T14:41:36.395Z
f823f652-afaf-4a06-9bae-31152e7d4fa0,d72e9d13-9c55-4208-8a9c-8a7c83abbe34,basketball,intermediate,2025-09-07T14:41:36.395Z
e2080ffa-3bc1-40f8-b899-5fb94d47b8b4,d72e9d13-9c55-4208-8a9c-8a7c83abbe34,pickleball,beginner,2025-09-07T14:41:36.395Z
4d5377b1-4e07-4a35-804d-c1e071eda299,d72e9d13-9c55-4208-8a9c-8a7c83abbe34,tennis,beginner,2025-09-07T14:41:36.395Z
804b43cb-c098-4b8e-8462-52e0ee3eb31b,ce2ca96c-bbbd-4080-8c47-96e6d5e9fb0c,racquetball,expert,2025-09-07T14:41:36.395Z
ca20ef7a-20e6-4294-bb92-bf64734b6ce5,ce2ca96c-bbbd-4080-8c47-96e6d5e9fb0c,tennis,intermediate,2025-09-07T14:41:36.395Z
9b07b328-7e12-42b1-b14f-86a12bdcd2e1,60c04c51-cbc7-443c-a82e-28a5e514fde3,badminton,beginner,2025-09-07T14:41:36.395Z
fca868ab-e481-4006-a446-f8c3ab54d8d3,60c04c51-cbc7-443c-a82e-28a5e514fde3,pickleball,intermediate,2025-09-07T14:41:36.395Z
62dd493d-dbd4-4ffc-b6f1-fd7b150a7407,60c04c51-cbc7-443c-a82e-28a5e514fde3,racquetball,expert,2025-09-07T14:41:36.395Z
f77b1b30-5689-4e86-8ffc-4385ee7ec47d,681978e7-be0c-48c7-9626-e6c5eeb8fd4b,badminton,expert,2025-09-07T14:41:36.395Z
4c554d91-b235-4c61-9c2a-191d6a3a0b2e,f272a48c-c9cb-429e-8701-04703b0f2e4b,tennis,advanced,2025-09-07T14:41:36.395Z
e0e7cc3b-dfeb-4f32-b089-cc21729f3ef0,f272a48c-c9cb-429e-8701-04703b0f2e4b,pickleball,beginner,2025-09-07T14:41:36.395Z
5aef53f1-a37c-4e6e-a65b-ce2cd65146db,f272a48c-c9cb-429e-8701-04703b0f2e4b,basketball,beginner,2025-09-07T14:41:36.395Z
9cd612f0-2a2e-444b-8b9d-a4c58aa3231a,10d7a174-918c-478a-b1f3-6044f067f628,tennis,expert,2025-09-07T14:41:36.395Z
1a202018-2330-44e6-a50b-78e4d5f64fd2,10d7a174-918c-478a-b1f3-6044f067f628,badminton,expert,2025-09-07T14:41:36.395Z
89b1614c-45a2-4117-84e2-9a098c5234f3,10d7a174-918c-478a-b1f3-6044f067f628,pickleball,intermediate,2025-09-07T14:41:36.395Z
9a018fbf-f846-483b-b4bf-0206b8dd1f22,08397fc5-4410-4f93-9e4a-6e24a355a5e2,tennis,intermediate,2025-09-07T14:41:36.395Z
51b28069-c2bd-4ab9-972a-06bd28bf8fa5,08397fc5-4410-4f93-9e4a-6e24a355a5e2,pickleball,expert,2025-09-07T14:41:36.395Z
fcb0e729-041f-4665-8530-96e183f40b75,08397fc5-4410-4f93-9e4a-6e24a355a5e2,basketball,intermediate,2025-09-07T14:41:36.395Z
98779642-ff6e-47f1-873f-e38e6cb0a496,255a3cf9-3d24-4fbd-b006-fab6d7d86707,basketball,beginner,2025-09-07T14:41:36.395Z
fa08471c-4c5c-4a6d-bd38-574cc5dda7fb,f7ad917a-4199-456c-8e47-33bab461f52a,tennis,intermediate,2025-09-07T14:41:36.395Z
77655572-89a9-493b-862a-1eb73036df35,3cb8055a-9961-4f18-913a-1bfcfbb483dd,squash,intermediate,2025-09-07T14:41:36.395Z
d6786797-30e9-495a-b53f-bf6b618b9fab,7a15908d-56f8-45f6-9d37-47cbaabab2fb,basketball,advanced,2025-09-07T14:41:36.395Z
a55e0c03-37ce-4d7b-9b6c-2b878580d5ee,7a15908d-56f8-45f6-9d37-47cbaabab2fb,racquetball,advanced,2025-09-07T14:41:36.395Z
b8195eca-9b17-450c-952c-71eda80d9ebd,7a15908d-56f8-45f6-9d37-47cbaabab2fb,pickleball,expert,2025-09-07T14:41:36.395Z
c228782f-8fda-49c3-8f89-3988bdd4ba93,1be3a87a-d204-4062-b436-332fe04e7321,badminton,expert,2025-09-07T14:41:36.395Z
d8c82429-9f48-491a-91a6-9f3864aa5893,1be3a87a-d204-4062-b436-332fe04e7321,basketball,intermediate,2025-09-07T14:41:36.396Z
bf06527e-f075-4f6f-8e8e-c4657201593f,8ef55666-0ed5-437c-b379-baa64d0d8e55,tennis,expert,2025-09-07T14:41:36.396Z
2c13574b-beb0-46b6-a206-861160983156,6dcd57ff-a11b-4c91-bb19-e3ab57fa4433,badminton,intermediate,2025-09-07T14:41:36.396Z
7a3144ba-0a88-4e2b-a945-77ac20f75819,d99eb020-d5a2-4150-9185-12981a028836,squash,beginner,2025-09-07T14:41:36.396Z
0fa028f2-4233-45cc-8986-3b3db98d38bb,d99eb020-d5a2-4150-9185-12981a028836,pickleball,expert,2025-09-07T14:41:36.396Z
e31bd618-ca7b-4db7-9613-93c6a326b542,6c2e234c-fc21-4910-b908-a4d51f625112,basketball,intermediate,2025-09-07T14:41:36.396Z
5dc787a7-4e15-46d1-8e91-de8da2dc42a5,dda9b644-01e7-4447-8e58-8b37193273d8,basketball,expert,2025-09-07T14:41:36.396Z
f66af43e-6f05-4ed4-8ec8-747cd4245c83,dda9b644-01e7-4447-8e58-8b37193273d8,squash,advanced,2025-09-07T14:41:36.396Z
5ad69441-b1c1-42e5-8300-771eeced87b8,dda9b644-01e7-4447-8e58-8b37193273d8,badminton,intermediate,2025-09-07T14:41:36.396Z
316a871e-2c99-4b03-a8bb-de9806113c1f,801dc602-4197-485a-b021-73d051aa8ef0,badminton,expert,2025-09-07T14:41:36.396Z
644552e3-3d31-4607-9288-4206875a5938,fe203b98-4561-4291-9db4-2de495b52815,tennis,beginner,2025-09-07T14:41:36.396Z
635d1d1c-9434-4d3a-bf51-9b27048b56d8,fe203b98-4561-4291-9db4-2de495b52815,pickleball,intermediate,2025-09-07T14:41:36.396Z
120396ac-28ef-4ce5-b585-3952167c01c1,fe203b98-4561-4291-9db4-2de495b52815,basketball,expert,2025-09-07T14:41:36.396Z
5367f435-b887-4e95-8802-0b23748b856a,b822fd3c-96e1-404e-9152-76a4eb072ace,racquetball,beginner,2025-09-07T14:41:36.396Z
8f4ed768-5734-44b3-a384-f225973ed467,b822fd3c-96e1-404e-9152-76a4eb072ace,badminton,expert,2025-09-07T14:41:36.396Z
aa030828-186f-48bc-b6e6-d8ab084f82e5,b822fd3c-96e1-404e-9152-76a4eb072ace,squash,intermediate,2025-09-07T14:41:36.396Z
b87b4672-a942-4b2d-95ef-f6e1d708f1e3,339998b1-9535-4dd8-91aa-055ddee271a7,badminton,advanced,2025-09-07T14:41:36.396Z
4ec83c5f-741f-4654-b03f-638ddb73e1b3,339998b1-9535-4dd8-91aa-055ddee271a7,squash,intermediate,2025-09-07T14:41:36.396Z
57da2a20-e813-4e70-ad96-c3c0e22a4bcd,339998b1-9535-4dd8-91aa-055ddee271a7,racquetball,intermediate,2025-09-07T14:41:36.396Z
61be093a-af02-4d0e-b4a3-a6d168abb39f,5103893a-088a-43e4-8996-9dd519e2eeaa,tennis,intermediate,2025-09-07T14:41:36.396Z
ec60aafd-b319-4fb9-833f-636c5d43e166,3dcbfcf8-a073-4a84-bede-f72977559f6c,badminton,beginner,2025-09-07T14:41:36.396Z
9484b598-f646-4a72-876c-cea4dd7aef19,3dcbfcf8-a073-4a84-bede-f72977559f6c,racquetball,beginner,2025-09-07T14:41:36.396Z
ed49bc48-56a6-4482-97a4-aeb2d5809fab,3dcbfcf8-a073-4a84-bede-f72977559f6c,basketball,beginner,2025-09-07T14:41:36.396Z
265ee4ce-1b95-45e9-b20f-861771628abf,3494e8ca-a5c3-4332-9d71-c8c60a9eb746,racquetball,expert,2025-09-07T14:41:36.396Z
7a6e406b-37b1-4a1c-bcc2-cbe96d072a05,3494e8ca-a5c3-4332-9d71-c8c60a9eb746,squash,expert,2025-09-07T14:41:36.396Z
0e91d6ff-bd00-4269-832a-40738189e70a,3494e8ca-a5c3-4332-9d71-c8c60a9eb746,badminton,expert,2025-09-07T14:41:36.396Z
ea6cc53f-83e4-43dc-bf9d-bcfd27b91eb1,d4a3b18a-b55d-4122-940f-b5227335ceac,basketball,expert,2025-09-07T14:41:36.396Z
de012f51-117d-4263-a421-19d2bcaecd68,a3860408-5891-414d-8bff-c73fe00fbab1,pickleball,beginner,2025-09-07T14:41:36.396Z
17d83be7-0464-4d4f-a933-9aa93ef8ab79,a3860408-5891-414d-8bff-c73fe00fbab1,squash,advanced,2025-09-07T14:41:36.396Z
402cbdec-4db6-4e71-93ef-2e922b48f1ad,a3860408-5891-414d-8bff-c73fe00fbab1,tennis,beginner,2025-09-07T14:41:36.396Z
1338e8cc-2993-4abc-87ae-cdbbff4106b9,eac06d79-cfe5-42f0-a9c4-793c9e8e7022,racquetball,advanced,2025-09-07T14:41:36.396Z
2f687e03-2410-4913-ab6a-da14766819d7,eac06d79-cfe5-42f0-a9c4-793c9e8e7022,squash,expert,2025-09-07T14:41:36.396Z
f41a5451-3811-44fc-845d-91d1c6f105e6,67a46a94-0deb-4e8d-ad32-f8d9239621fc,squash,expert,2025-09-07T14:41:36.396Z
88de155c-4471-4f6f-b4f2-c184cc684ee3,6f3db5fa-962d-4657-9e1c-48e233732737,badminton,expert,2025-09-07T14:41:36.397Z
51ae6db3-4222-4f84-9c87-132d7167b321,6f3db5fa-962d-4657-9e1c-48e233732737,tennis,beginner,2025-09-07T14:41:36.397Z
a0969559-af3a-416b-afd1-f9216075e9c8,6f3db5fa-962d-4657-9e1c-48e233732737,basketball,expert,2025-09-07T14:41:36.397Z
bdcd8967-ce5a-44b8-aa68-89e510ee5678,0defd613-9d85-4604-ac23-1a07ab94146a,squash,intermediate,2025-09-07T14:41:36.397Z
3f7e779d-b25c-4fbc-a19a-fbb113e5cceb,0defd613-9d85-4604-ac23-1a07ab94146a,badminton,intermediate,2025-09-07T14:41:36.397Z
cde605d6-dcb6-4456-810d-dd924ae75dff,93da4b02-09b0-43bd-a802-f506ef36539d,racquetball,expert,2025-09-07T14:41:36.397Z
5203cc85-7350-4fbb-8f54-c872c7285a66,6c787f71-1259-4024-952d-6dbf6fa3c57f,basketball,expert,2025-09-07T14:41:36.397Z
3249789a-bf85-40ff-8654-f57ac159b5f0,6c787f71-1259-4024-952d-6dbf6fa3c57f,pickleball,beginner,2025-09-07T14:41:36.397Z
8a1036b8-05d4-4761-89fa-a7aaaddeae74,6c787f71-1259-4024-952d-6dbf6fa3c57f,squash,expert,2025-09-07T14:41:36.397Z
1ce585e9-9876-4583-8d53-c98f977c0a01,f41a7eba-c10d-48b5-ae0c-9344fbd54b4b,tennis,advanced,2025-09-07T14:41:36.397Z
5eda136d-8545-4aca-a68f-e9191ef29628,f41a7eba-c10d-48b5-ae0c-9344fbd54b4b,pickleball,expert,2025-09-07T14:41:36.397Z
68ad56de-dce3-47e5-a541-a4cc7dce5f5d,fca8f1d5-539c-45a7-afdd-117811bab8b0,basketball,beginner,2025-09-07T14:41:36.397Z
09e75f4f-d5a7-451b-9799-df14fd8ed28f,fca8f1d5-539c-45a7-afdd-117811bab8b0,badminton,intermediate,2025-09-07T14:41:36.397Z
52207dd4-6e3e-4228-b008-5e08ec85ae25,fca8f1d5-539c-45a7-afdd-117811bab8b0,squash,beginner,2025-09-07T14:41:36.397Z
4a527b78-b075-4567-8f3f-e7f5e1cde30a,1abaf51d-a362-4423-b374-d1b2895a7277,badminton,expert,2025-09-07T14:41:36.397Z
fdd5fb11-9567-48a5-82aa-f5a52c0057e4,1abaf51d-a362-4423-b374-d1b2895a7277,racquetball,beginner,2025-09-07T14:41:36.397Z
95f7af03-120b-44e7-964b-ea848556287f,1abaf51d-a362-4423-b374-d1b2895a7277,tennis,expert,2025-09-07T14:41:36.397Z
5fa4dd29-c97c-44e6-8e85-f86abd036f19,2a3ff715-f09f-4223-9eea-3958ef3e63e1,tennis,advanced,2025-09-07T14:41:36.397Z
b35ede9c-5cec-47e5-99c1-06c7833420aa,2a3ff715-f09f-4223-9eea-3958ef3e63e1,pickleball,beginner,2025-09-07T14:41:36.397Z
205c8a8c-0634-4550-9acd-c82fb54e3ad7,a84edb81-2c08-4261-805d-07c8e26978c2,badminton,advanced,2025-09-07T14:41:36.397Z
de1d49d7-18cc-46c8-a167-534908481266,a84edb81-2c08-4261-805d-07c8e26978c2,pickleball,advanced,2025-09-07T14:41:36.397Z
d13d47d2-18a9-4d06-bc22-72533c8222eb,3d334e88-ee5a-4142-b59e-16be4468e72d,tennis,advanced,2025-09-07T14:41:36.397Z
c544083d-f386-4b27-ab8a-01934183db7d,3d334e88-ee5a-4142-b59e-16be4468e72d,pickleball,expert,2025-09-07T14:41:36.397Z
5ecf2471-f0d9-4916-940c-120e09243312,41c39cbf-c783-44b0-900a-a0226ae8ae9c,badminton,expert,2025-09-07T14:41:36.397Z
8ccf7f4d-1f7c-41bb-ad74-4710479de16e,41c39cbf-c783-44b0-900a-a0226ae8ae9c,racquetball,beginner,2025-09-07T14:41:36.397Z
781aa978-aef6-4044-b8d6-871f917d2994,41c39cbf-c783-44b0-900a-a0226ae8ae9c,tennis,beginner,2025-09-07T14:41:36.397Z
3502ea21-72d4-42a0-bbc1-ffab5107de75,dd10cb20-3ce8-4ddb-b0c6-77a511cff888,tennis,expert,2025-09-07T14:41:36.397Z
f90b7d29-b51b-45ac-8341-f4b06556cd13,8aa625c4-b078-4857-9442-664271ac736b,badminton,intermediate,2025-09-07T14:41:36.397Z
4994da5b-57a5-49d3-a213-4af91f333f74,8aa625c4-b078-4857-9442-664271ac736b,basketball,expert,2025-09-07T14:41:36.397Z
12774e35-dab7-4771-bd10-1b3787f7582d,8aa625c4-b078-4857-9442-664271ac736b,pickleball,advanced,2025-09-07T14:41:36.397Z
d35d1b48-43ab-4e1d-b0f4-d794ff0f4894,be2f8add-df94-427c-9a80-069718e8190d,squash,expert,2025-09-07T14:41:36.397Z
c8a22511-157c-43aa-874c-86993b486543,be2f8add-df94-427c-9a80-069718e8190d,tennis,beginner,2025-09-07T14:41:36.397Z
795ec9c8-36c2-4f4d-bdd1-f7ef235b1ee8,be2f8add-df94-427c-9a80-069718e8190d,racquetball,advanced,2025-09-07T14:41:36.397Z
b89f42ae-6dc0-4317-b1d1-715da1fb0844,763a50be-1f56-427b-8ccc-1c755eb34d33,basketball,advanced,2025-09-07T14:41:36.397Z
018b72cb-2a8a-4feb-be01-145d766bdc51,763a50be-1f56-427b-8ccc-1c755eb34d33,squash,advanced,2025-09-07T14:41:36.397Z
8ea7a34a-a41e-4bed-8139-59aa994ff7e1,c7852214-9c18-44fc-ba6e-2dd307aafe6c,tennis,advanced,2025-09-07T14:41:36.397Z
0aa8138d-956f-4dc9-a208-c3e070bec93b,c7852214-9c18-44fc-ba6e-2dd307aafe6c,racquetball,advanced,2025-09-07T14:41:36.397Z
b8ae57e5-9024-4267-8c5e-938a283a722d,1db65315-5d2c-48a3-a434-244135608b80,racquetball,intermediate,2025-09-07T14:41:36.397Z
373d73b0-a7b9-405d-80db-9054bda04616,1db65315-5d2c-48a3-a434-244135608b80,pickleball,beginner,2025-09-07T14:41:36.397Z
5dd4ccb3-9bf5-482b-a1a1-e8b094a0060f,1db65315-5d2c-48a3-a434-244135608b80,tennis,beginner,2025-09-07T14:41:36.397Z
ea7ea6ce-8602-4516-afbb-a3a54431abd1,1df3f7ea-8ecf-4687-96a0-91816b04f137,racquetball,expert,2025-09-07T14:41:36.397Z
2d4f6cb2-992c-46e9-bab2-210e0ea231c4,1df3f7ea-8ecf-4687-96a0-91816b04f137,tennis,beginner,2025-09-07T14:41:36.397Z
b9e57827-a50d-405b-bd23-f0fe8211b52e,1df3f7ea-8ecf-4687-96a0-91816b04f137,pickleball,advanced,2025-09-07T14:41:36.397Z
c601ebf2-a6b2-429b-b447-f2b5b2a2c55e,2998edb1-cea2-4c95-acf0-72f03231d4a7,badminton,expert,2025-09-07T14:41:36.397Z
08b72353-0bdd-45c8-a592-90c41404638b,2998edb1-cea2-4c95-acf0-72f03231d4a7,pickleball,expert,2025-09-07T14:41:36.397Z
43f1d6ce-2975-4123-919b-339175dbf25c,2998edb1-cea2-4c95-acf0-72f03231d4a7,basketball,expert,2025-09-07T14:41:36.397Z
973367c9-d7c6-4e79-ab32-743b6543deac,19104505-3faf-4c56-9d83-84cef82ec299,tennis,expert,2025-09-07T14:41:36.397Z
9787af8e-b8d5-4e51-8d49-221f216474c4,19104505-3faf-4c56-9d83-84cef82ec299,pickleball,expert,2025-09-07T14:41:36.397Z
0b25f4fc-2654-40c8-b4fe-9047ace96437,b5c922b7-0eca-46c5-a102-47433bf74ceb,badminton,beginner,2025-09-07T14:41:36.397Z
6109de7e-4f7e-45cd-8f64-cc590153fa06,b5c922b7-0eca-46c5-a102-47433bf74ceb,pickleball,advanced,2025-09-07T14:41:36.398Z
2ab53756-e1a3-4bf9-af2c-3265502780e2,e971ebe9-663e-41c3-bad5-20af87e29628,tennis,beginner,2025-09-07T14:41:36.398Z
870cb19a-d50e-419f-b6e8-ecb00b59c3bc,415e3d47-ce73-443c-a54d-d6de56bd8f0b,racquetball,beginner,2025-09-07T14:41:36.398Z
7f4833d7-3b4f-4a5c-918b-f63304b50c0c,f189a0d1-e57a-48a9-a023-967b6c91b058,pickleball,advanced,2025-09-07T14:41:36.398Z
ad00abc5-416e-4c80-8d07-bc6b83b69c24,f189a0d1-e57a-48a9-a023-967b6c91b058,racquetball,advanced,2025-09-07T14:41:36.398Z
f3227f73-2d64-45ab-bb6c-7247c935e521,feba67ab-29b8-4674-a407-e056ef900ad8,tennis,expert,2025-09-07T14:41:36.398Z
4dc7c28e-c38a-4677-9136-4fc795486300,feba67ab-29b8-4674-a407-e056ef900ad8,pickleball,expert,2025-09-07T14:41:36.398Z
b80ef077-ef83-4ca2-8296-c4ceb0228f15,feba67ab-29b8-4674-a407-e056ef900ad8,basketball,advanced,2025-09-07T14:41:36.398Z
5d9298df-4a91-40d8-8bbd-ba48fe278777,d4944294-2639-4621-9782-6b8ee097e0bb,basketball,intermediate,2025-09-07T14:41:36.398Z
49b8d9f9-6fa1-4a59-80ea-a081c94c6084,872521fd-79c6-43cc-8bec-59f6bf82702c,badminton,intermediate,2025-09-07T14:41:36.398Z
e7dfa5d0-dd4e-4f13-9bd4-e66bb5b16d0a,872521fd-79c6-43cc-8bec-59f6bf82702c,squash,advanced,2025-09-07T14:41:36.398Z
5d4539c5-523b-4f17-acf8-fa791887d833,872521fd-79c6-43cc-8bec-59f6bf82702c,racquetball,intermediate,2025-09-07T14:41:36.398Z
3664985f-7c93-4d1d-8e3c-d33d6833cc5b,5bce8db2-e376-47ce-a056-effd87833d02,racquetball,beginner,2025-09-07T14:41:36.398Z
6efe27ae-1e7f-4cd9-9d7b-1bf9657bc736,e686fac9-a567-47f5-8f9e-b8a0746cf1db,basketball,advanced,2025-09-07T14:41:36.398Z
42cf72cb-5588-4eae-9814-d355909356e6,e686fac9-a567-47f5-8f9e-b8a0746cf1db,pickleball,advanced,2025-09-07T14:41:36.398Z
9cf20a3f-c5a6-4eb3-95d4-f314bbccd84a,e686fac9-a567-47f5-8f9e-b8a0746cf1db,badminton,intermediate,2025-09-07T14:41:36.398Z
c8a70383-a35f-4100-be19-b0f474e6594f,c21b67dc-6d13-4101-aa33-9968462d638c,tennis,expert,2025-09-07T14:41:36.398Z
aaebe22b-8727-40c3-900c-d5dce5a9ca62,96cf185a-c68d-4965-8acf-8e866b147553,badminton,advanced,2025-09-07T14:41:36.398Z
b0a15dc4-ee2f-456a-ac64-5529d90f8e48,e946755d-a846-4377-9740-afe2c61ccb07,tennis,advanced,2025-09-07T14:41:36.398Z
ae8ce95e-5264-4506-bee6-d22bbb1a8b87,e946755d-a846-4377-9740-afe2c61ccb07,pickleball,expert,2025-09-07T14:41:36.398Z
8a839621-e1a1-4739-87fd-1c303530c0cb,09991053-784b-439d-aba1-a4c636f6e54a,pickleball,beginner,2025-09-07T14:41:36.398Z
98890516-68b2-459c-afc7-880f195653e9,e720bde0-fd77-409c-89e6-dd57f9e91d85,tennis,advanced,2025-09-07T14:41:36.398Z
0e448209-add6-430f-a688-0d97e8834920,e720bde0-fd77-409c-89e6-dd57f9e91d85,badminton,expert,2025-09-07T14:41:36.398Z
55025ec1-a1dd-4b00-9c92-8293f18f9cfa,e720bde0-fd77-409c-89e6-dd57f9e91d85,racquetball,intermediate,2025-09-07T14:41:36.398Z
ae990b84-4649-456c-8798-0fdcf34dbd79,af9d3355-7833-432e-8ff0-331222164a5e,badminton,intermediate,2025-09-07T14:41:36.398Z
41fbf97e-1cc6-4ec9-977f-9a1727f948ca,336a3998-a3b6-4e98-a457-592762dfea90,badminton,expert,2025-09-07T14:41:36.398Z
c72fa3ee-32b2-474e-818d-8383d65d5df8,336a3998-a3b6-4e98-a457-592762dfea90,squash,advanced,2025-09-07T14:41:36.398Z
2d8a26de-e479-4def-903a-88ac0430ac1b,9f2e4f79-df5d-4eba-8c9c-99d6077978a3,tennis,expert,2025-09-07T14:41:36.398Z
8c20facf-ab48-4b81-a5de-c143b06ef1d8,9f2e4f79-df5d-4eba-8c9c-99d6077978a3,pickleball,advanced,2025-09-07T14:41:36.398Z
1d17be0a-f387-423f-a83f-1ee48d582bc1,9f2e4f79-df5d-4eba-8c9c-99d6077978a3,basketball,expert,2025-09-07T14:41:36.398Z
984620b9-96c5-401a-827f-f04dd5a63173,4c72102d-358b-49df-9027-53b2221e7389,badminton,advanced,2025-09-07T14:41:36.398Z
dec60d17-d2f3-4862-b452-f8e73554c380,4c72102d-358b-49df-9027-53b2221e7389,squash,advanced,2025-09-07T14:41:36.398Z
6d1250ce-978e-4f42-b32c-2d850c93b48d,f0e8d7ee-e7bc-49d9-8c97-e639876dbcb2,basketball,expert,2025-09-07T14:41:36.398Z
ec4db2a4-6a52-4dc3-a0b0-f7b8fa5f9fbd,bada287b-87f0-4934-ae83-13327c752088,tennis,expert,2025-09-07T14:41:36.398Z
bacca0d3-3b26-4109-ad0e-ac4198b8f141,bada287b-87f0-4934-ae83-13327c752088,racquetball,beginner,2025-09-07T14:41:36.399Z
116383f9-ac29-4490-a4ca-e03cbf4f8c64,bada287b-87f0-4934-ae83-13327c752088,pickleball,beginner,2025-09-07T14:41:36.399Z
ce45ff49-19f1-4103-8291-5e3f84e2b3ca,2128f129-7c42-4efc-91a1-a8443b173e40,tennis,advanced,2025-09-07T14:41:36.399Z
0cc9ac8b-9c7b-4250-a484-9e1118bd4da5,2128f129-7c42-4efc-91a1-a8443b173e40,pickleball,advanced,2025-09-07T14:41:36.399Z
5eb04c9f-171d-4526-83a5-68ad79ae87e6,2128f129-7c42-4efc-91a1-a8443b173e40,squash,advanced,2025-09-07T14:41:36.399Z
1c30a1fc-67d4-4850-9aa4-80d56cbb4e9f,58d28536-7d6e-4f65-833e-f238e78a80ac,badminton,expert,2025-09-07T14:41:36.399Z
92127026-3e60-4ba4-a5dc-8dd51406ba81,58d28536-7d6e-4f65-833e-f238e78a80ac,basketball,advanced,2025-09-07T14:41:36.399Z
a161f2af-8eec-4362-b7fb-5d0c2e25e189,7e6688b7-b832-49b0-96b1-a8bbee4d3473,squash,advanced,2025-09-07T14:41:36.399Z
eb4ef528-4c5f-4d5a-b0f5-d8fa5fde1719,7e6688b7-b832-49b0-96b1-a8bbee4d3473,badminton,beginner,2025-09-07T14:41:36.399Z
54a8c44c-c28b-43ad-b5ff-d1c527a159e2,88af2a91-f6db-44fb-b616-a9b466559b75,basketball,expert,2025-09-07T14:41:36.399Z
c5e5af00-428a-4c10-80df-e4cec7922b47,88af2a91-f6db-44fb-b616-a9b466559b75,badminton,beginner,2025-09-07T14:41:36.399Z
bdad4c58-6610-4456-bda4-56d6dab12578,88af2a91-f6db-44fb-b616-a9b466559b75,pickleball,intermediate,2025-09-07T14:41:36.399Z
1cd54039-7a86-4546-b788-ad17e2517b70,a692af3e-6924-4a5a-a6eb-c5426ea66f70,tennis,expert,2025-09-07T14:41:36.399Z
d821bb7d-613d-4aad-a2b6-72f26eb87f3b,a692af3e-6924-4a5a-a6eb-c5426ea66f70,squash,expert,2025-09-07T14:41:36.399Z
ab0dcb20-8fa0-44fb-835c-58e7e86e5d6b,a692af3e-6924-4a5a-a6eb-c5426ea66f70,pickleball,advanced,2025-09-07T14:41:36.399Z
32c68fb4-5bef-45a0-951c-bac585307cac,954ee5c5-949c-49d9-8f39-9248ac94f342,basketball,expert,2025-09-07T14:41:36.399Z
8863d4d9-ad1b-455f-acb2-473629998f89,6e743fd6-f198-4908-9065-117fd7820518,squash,intermediate,2025-09-07T14:41:36.399Z
035cc041-861e-44a2-a30c-3fc44ab52599,6e743fd6-f198-4908-9065-117fd7820518,basketball,intermediate,2025-09-07T14:41:36.399Z
10eb4ebe-c0a1-49a4-8548-76baf63d526b,6e743fd6-f198-4908-9065-117fd7820518,badminton,intermediate,2025-09-07T14:41:36.399Z
88c25334-037f-464f-9c75-2c79783d51d4,5775f4f9-b7af-4a52-bb06-9d1cb2cb2eed,badminton,beginner,2025-09-07T14:41:36.399Z
cd998395-a5fc-42c7-b36c-5f8f674cbdc0,5775f4f9-b7af-4a52-bb06-9d1cb2cb2eed,basketball,intermediate,2025-09-07T14:41:36.399Z
4419720e-e221-4cc3-beea-25fa9a5d1053,5775f4f9-b7af-4a52-bb06-9d1cb2cb2eed,racquetball,expert,2025-09-07T14:41:36.399Z
745c8dad-91cb-4334-b81f-4a1d21f4fde4,23d4e7fb-b0d1-43a4-a4c2-641023782dfb,racquetball,advanced,2025-09-07T14:41:36.399Z
f67ed994-6948-4cee-8ca0-8b0b2225d8ae,d04506ec-b57a-43b6-8e9d-52dd8ee6532d,pickleball,beginner,2025-09-07T14:41:36.399Z
fe78f0c6-9ab0-4107-b0b4-ee7111df3d7f,d04506ec-b57a-43b6-8e9d-52dd8ee6532d,racquetball,expert,2025-09-07T14:41:36.399Z
b84eb897-d455-44dc-9842-da17b39b29dc,d04506ec-b57a-43b6-8e9d-52dd8ee6532d,squash,advanced,2025-09-07T14:41:36.399Z